,Category,Name,Ownership: Government/Private,Street Address,City,State,Zip,County,Phone Number,Website,Hours- Sunday,Hours - Monday,Hours - Tuesday,Hours - Wednesday,Hours - Thursday,Hours - Friday,Hours - Saturday,Residential Household Garbage,Residential Electronic Waste,Residential Appliances/ Furniture,Residential Brush,Residential Construction,Demolition Waste,Recycling - Residential Metal,Recycling - Residential Cans,Recycling - Residential Aluminum,Recycling - Residential Plastics (#1 & #2 only),Recycling - Residential Glass,Recycling - Residential Paper,Recycling - Residential Cardboard,Recycling - Residential Used Motor Oil,Recycling - Residential Used Cooking Oil,Special Waste - Residential automotive batteries,Special Waste - Residential latex-based paint,Special Waste - Residential antifreeze,Special Waste - Residential Automotive Tires,Holiday Hours - New Year's Day,Holiday Hours - MLK Day,Holiday Hours - President's Day,Holiday Hours - Easter,Holiday Hours - Memorial Day,Holiday Hours - Independence Day,Holiday Hours - Veteran's Day,Holiday Hours - Thanksgiving Day,Holiday Hours - Christmas Eve,Holiday Hours - Christmas Day,Goodwill Drop-Off,Daily Limit,Notes,Lat,Long
0,Landfill,Baker Sanitary Landfill,Private,Se Of Baker City,Baker City,OR,97907.0,Baker,541-523-2626,http://www.bakersanitary.com/,No,8:00AM-4:00PM,8:00AM-4:00PM,8:00AM-4:00PM,8:00AM-4:00PM,8:00AM-4:00PM,No,Yes,No,No,No,Yes,Yes,No,No,No,No,No,No,No,Yes,Yes,No,No,No,Yes,,,,,,,,,,,,,,,
1,Landfill,Haines Landfill,Government,"Sec 27, T7S, R39E",Haines,OR,97833.0,Baker,541-856-3366,https://www.cityofhainesor.org/,,,,,,,,Yes,No,No,Yes,Yes,Yes,No,No,No,No,No,No,No,No,No,No,No,No,No,,,,,,,,,,,,,,,
2,Transfer Station,Huntington Transfer Station,Government,"Approx. 1 Mile East On Hwy 30, Then Sout",Huntington,OR,97907.0,Baker,541-869-2202,,,,,,,,,Yes,No,No,Yes,Yes,Yes,No,No,No,No,No,No,No,No,No,No,No,No,No,,,,,,,,,,,,,,44.3512726,-117.2665686
3,Transfer Station,Larue Transfer Station,Government,43401 Sag Rd ,Halfway,OR,97834.0,Baker,541-742-6857,,,,,,,,,Yes,No,No,No,Yes,Yes,No,No,No,No,No,No,No,No,No,No,No,No,No,,,,,,,,,,,,,,44.880715,-117.1146172
4,Transfer Station,UnityTransfer Station,Government,1 1/2 - 2 Mi. South Of Unity,Unity,OR,97884.0,Baker,541-446-3544,,,,,,,,,,,,,,,,,,,,,,,,,,,,,,,,,,,,,,,,,43.8041334,-120.5542012
5,Waste Tire Facility,"Second Life Recycling, LLC",Private,33060 Shirttail Creek Road,Durkee,OR,97905.0,Baker,208-850-6870,,,,,,,,,No,No,No,No,No,No,No,No,No,No,No,No,No,No,No,No,No,No,Yes,,,,,,,,,,,,,,44.542231,-117.421202
6,Waste Tire Facility,Ash Grove Cement Plant,Private,300 Cement Plant Road,Durkee,OR,97905.0,Baker,541-877-2411,https://www.ashgrove.com/,,,,,,,,No,No,No,No,No,No,No,No,No,No,No,No,No,No,No,No,No,No,Yes,,,,,,,,,,,,,,44.542231,-117.421202
7,Compost Facility,Processing & Recovery Center,Private,29969 Camp Adair Rd,Monmouth,OR,97361.0,Benton,541-745-5792,,,,,,,,,No,No,No,Yes,No,No,No,No,No,No,No,No,No,No,No,No,No,No,No,,,,,,,,,,,,,,44.6997899,-123.1957314
8,Compost Facility,SIF Biogas Plant,Private,3122 Stahlbush Island Rd,Corvallis,OR,97333.0,Benton,541-760-3127,,,,,,,,,No,No,No,Yes,No,No,No,No,No,No,No,No,No,No,No,No,No,No,No,,,,,,,,,,,,,,44.53508859999999,-123.2451752
9,Compost Facility,"Gathering Together Farm, Inc",Private,25159 Grange Hall Road,Philomath,OR,97370.0,Benton,541-929-4270,http://www.gatheringtogetherfarm.com/,,,,,,,,No,No,No,Yes,No,No,No,No,No,No,No,No,No,No,No,No,No,No,No,,,,,,,,,,,,,,44.5313372,-123.3728452
10,Landfill,Coffin Butte Landfill,Private,29175 Coffin Butte Rd,Corvallis,OR,97330.0,Benton,541-230-5546,https://www.republicservices.com/customer-support/facilities?utm_source=yext.com&utm_medium=referral&utm_campaign=Yext_Profile_Click_Google&utm_term=F32,,,,,,,,,,,,,,,,,,,,,,,,,,,,,,,,,,,,,,,,44.6956576,-123.2338743
11,Compost Facility,"McFarlane's Bark, Inc.",Private,13345 Se Johnson Rd,Milwaukie,OR,97222.0,Clackamas,503-659-4240,http://www.mcfarlanesbark.com/,9:00AM-4:00PM,8:00AM-5:00PM,8:00AM-5:00PM,8:00AM-5:00PM,8:00AM-5:00PM,8:00AM-5:00PM,8:00AM-5:00PM,No,No,No,Yes,No,No,No,No,No,No,No,No,No,No,No,No,No,No,No,,,,,,,,,,,,,,45.4268993,-122.5825126
12,Compost Facility,Canby Landscape Supply,Private,24370 S Highway 99E,Canby,OR,97013.0,Clackamas,503-656-0663,http://www.canbylandscapesupply.com/,No,7:00AM-4:30PM,7:00AM-4:30PM,7:00AM-4:30PM,7:00AM-4:30PM,7:00AM-4:30PM,9:00AM-3:00PM,No,No,No,Yes,No,No,No,No,No,No,No,No,No,No,No,No,No,No,No,,,,,,,,,,,,,,45.2533151,-122.7136969
13,Compost Facility,Aurora Compost 1,Government,6822 S Anderson Rd,Aurora,OR,97002.0,Clackamas,503-969-9548,,,,,,,,,No,No,No,Yes,No,No,No,No,No,No,No,No,No,No,No,No,No,No,No,,,,,,,,,,,,,,45.250181,-122.727432
14,Compost Facility,Aurora Compost 2,Government,5997 S Anderson Rd,Aurora,OR,97002.0,Clackamas,503-692-9666,,,,,,,,,No,No,No,Yes,No,No,No,No,No,No,No,No,No,No,No,No,No,No,No,,,,,,,,,,,,,,45.2430499,-122.746507
15,Compost Facility,Aurora Compost 3,Government,26241 S Meridian Rd,Aurora,OR,97002.0,Clackamas,503-710-6136,,,,,,,,,No,No,No,Yes,No,No,No,No,No,No,No,No,No,No,No,No,No,No,No,,,,,,,,,,,,,,45.228089,-122.745348
16,Compost Facility,Valley Green Compost,Private,27550 S Dryland Rd,Canby,OR,97013.0,Clackamas,503-964-1976,,,,,,,,,No,No,No,Yes,No,No,No,No,No,No,No,No,No,No,No,No,No,No,No,,,,,,,,,,,,,,45.207563,-122.656465
17,Recycling Center,KB Recycling Inc. Materials Recovery Facility,Private,9602 Se Clackamas Rd,Clackamas,OR,97015.0,Clackamas,503-266-3900,https://www.oregonmetro.gov/tools-living/garbage-and-recycling/find-a-recycler/recyclers/575,No,7:00AM-3:30PM,7:00AM-3:30PM,7:00AM-3:30PM,7:00AM-3:30PM,7:00AM-3:30PM,No,No,No,No,No,No,No,Yes,Yes,Yes,Yes,Yes,Yes,Yes,,,,,No,No,,,,,,,,,,,,,,45.4098425,-122.565166
18,Recycling Center,Universal Recycling Technologies,Private,10151 Se Jennifer St,Clackamas,OR,97015.0,Clackamas,608-754-3400,http://www.universalrecyclers.com/,No,8:00AM-3:00PM,8:00AM-3:00PM,8:00AM-3:00PM,8:00AM-3:00PM,8:00AM-3:00PM,No,No,No,No,No,No,No,Yes,Yes,Yes,Yes,Yes,Yes,Yes,,,,,No,No,,,,,,,,,,,,,,45.4042864,-122.5593363
19,Transfer Station,Canby Transfer & Recycling Center,Government,1600 Se 4Th Ave,Canby,OR,97013.0,Clackamas,503-266-3900,http://canbydisposal.com/,No,8:00AM-5:00PM,8:00AM-5:00PM,8:00AM-5:00PM,8:00AM-5:00PM,8:00AM-5:00PM,No,Yes,No,No,No,No,No,No,No,No,No,No,No,No,No,No,No,No,No,Yes,,,,,,,,,,,,,,45.2609538,-122.6756107
20,Transfer Station,Clackamas County Garbage & Recycling Transfer Station aka Sandy Transfer Station,Government,19600 Se Canyon Valley Road,Sandy,OR,97055.0,Clackamas,503-353-4466,,,,,,,,,Yes,No,Yes,Yes,Yes,Yes,Yes,Yes,Yes,Yes,Yes,Yes,Yes,No,No,No,No,No,Yes,,,,,,,,,,,,,,45.3342277,-122.5986483
21,Transfer Station,Metro South Transfer Station,Government,2001 Washington St,Oregon City,OR,97045.0,Clackamas,503-234-3000,http://www.oregonmetro.gov/tools-living/garbage-and-recycling/garbage-recycling-hazardous-waste-disposal-oregon-city,7:00AM-7:00PM,7:00AM-7:00PM,7:00AM-7:00PM,7:00AM-7:00PM,7:00AM-7:00PM,7:00AM-7:00PM,7:00AM-7:00PM,Yes,No,Yes,Yes,Yes,Yes,No,No,No,No,No,No,No,No,No,No,No,No,Yes,,,,,,,,,,,,,,45.370593,-122.5892041
22,Waste Tire Facility,"Tire Disposal Co., Inc. dba: Molalla Discount Tire",Private,14377 S Macksburg Rd,Molalla,OR,97038.0,Clackamas,503-829-8322,http://www.molalladiscounttire.com/,No,8:00AM-5:00PM,8:00AM-5:00PM,8:00AM-5:00PM,8:00AM-5:00PM,8:00AM-5:00PM,8:00AM-3:00PM,No,No,No,No,No,No,No,No,No,No,No,No,No,No,No,No,No,No,Yes,,,,,,,,,,,,,,45.185387,-122.5725272
23,Waste Tire Facility,CarMax 7285,Private,13750 Se Johnson Rd,Milwaukie,OR,97222.0,Clackamas,804-747-0422,https://www.carmax.com/stores/7285?utm_source=SEO_Local&utm_medium=SEO_Local_Sck_Pack&utm_campaign=SEO_OR&utm_content=SEO_Milwaukie&utm_term=SEO_7285,11:00AM-7:00PM,10:00AM-9:00PM,10:00AM-9:00PM,10:00AM-9:00PM,10:00AM-9:00PM,10:00AM-9:00PM,9:00AM-9:00PM,No,No,No,No,No,No,No,No,No,No,No,No,No,No,No,No,No,No,Yes,,,,,,,,,,,,,,45.4232637,-122.5797627
24,Waste Tire Facility,Dietrich Trucking LLC,Private,7211 Ne 43Rd Ave Ste A,Vancouver,OR,98661.0,Clark,360-573-2000,http://dietrichtrucking.com/,No,8:00AM-5:00PM,8:00AM-5:00PM,8:00AM-5:00PM,8:00AM-5:00PM,8:00AM-5:00PM,No,No,No,No,No,No,No,No,No,No,No,No,No,No,No,No,No,No,No,Yes,,,,,,,,,,,,,,45.6745849,-122.6269148
25,Compost Facility,Trails End Recovery Compost,Private,34635-34661 Airport Lane,Warrenton,OR,97146.0,Clatsop,503-861-6030,http://trailsendrecovery.com/,No,8:00AM-4:30PM,8:00AM-4:30PM,8:00AM-4:30PM,8:00AM-4:30PM,8:00AM-4:30PM,9:00AM-3:30PM,No,No,No,Yes,No,No,No,No,No,No,No,No,No,No,No,No,No,No,No,,,,,,,,,,,,,,46.1438369,-123.8741073
26,Compost Facility,Laurelwood Farm Composting Facility,Private,34154 Hwy 26,Seaside,OR,97138.0,Clatsop,503-738-5954,,No,8:00AM-5:00PM,8:00AM-5:00PM,8:00AM-5:00PM,8:00AM-5:00PM,8:00AM-5:00PM,8:00AM-5:00PM,No,No,No,Yes,No,No,No,No,No,No,No,No,No,No,No,No,No,No,No,,,,,,,,,,,,,,45.918104,-123.896322
27,Recycling Center,Trails End Recovery MRF,Private,34635-34661 Airport Lane,Warrenton,OR,97146.0,Clatsop,503-861-6030,http://trailsendrecovery.com/,No,8:00AM-4:30PM,8:00AM-4:30PM,8:00AM-4:30PM,8:00AM-4:30PM,8:00AM-4:30PM,9:00AM-3:30PM,No,No,No,No,No,No,Yes,Yes,Yes,Yes,Yes,Yes,Yes,,,,,No,No,,,,,,,,,,,,,,46.1438369,-123.8741073
28,Recycling Center,Georgia Pacific Consumer Pr Wauna Mill Landfill,Private,92326 Taylorville Rd,Clatskanie,OR,97016.0,Clatsop,503-455-3236,https://www.gp.com/,24 hours,24 hours,24 hours,24 hours,24 hours,24 hours,24 hours,No,No,No,No,No,No,No,No,No,No,No,No,No,No,No,No,No,No,No,,,,,,,,,,,,,,46.1616045,-123.414906
29,Transfer Station,Astoria Transfer Station,Government, 1790 Williamsport Road,Astoria,OR,97103.0,Clatsop,503-474-4836,http://www.recologywesternoregon.com/,No,8:00AM-5:00PM,8:00AM-5:00PM,8:00AM-5:00PM,8:00AM-5:00PM,8:00AM-5:00PM,8:00AM-5:00PM,No,No,No,No,No,No,No,No,No,No,No,No,No,No,No,No,No,No,No,,,,,,,,,,,,,,46.1764259,-123.816658
30,Transfer Station,Astoria Transfer Station,Government, 1790 Williamsport Road,Astoria,OR,97103.0,Clatsop,503-474-4836,http://www.recologywesternoregon.com/,No,8:00AM-5:00PM,8:00AM-5:00PM,8:00AM-5:00PM,8:00AM-5:00PM,8:00AM-5:00PM,8:00AM-5:00PM,No,No,No,No,No,No,No,No,No,No,No,No,No,No,No,No,No,No,No,,,,,,,,,,,,,,46.1764259,-123.816658
31,Compost Facility,"Beaver Bark, Inc.",Private,54000 West Lane Road,Scappoose,OR,97056.0,Columbia,503-543-3000,http://www.beaverbarkllc.com/,No,8:00AM-4:00PM,8:00AM-4:00PM,8:00AM-4:00PM,8:00AM-4:00PM,8:00AM-4:00PM,No,No,No,No,Yes,No,No,No,No,No,No,No,No,No,No,No,No,No,No,No,,,,,,,,,,,,,,45.7790755,-122.8666633
32,Transfer Station,Columbia County HHW & Transfer Station,Government,1601 Railroad Avenue,St. Helens,OR,97051.0,Columbia,503-397-7213,http://www.co.columbia.or.us/departments/land-development-services-main/solid-waste-program,No,8:00AM-5:00PM,8:00AM-5:00PM,8:00AM-5:00PM,8:00AM-5:00PM,8:00AM-5:00PM,8:00AM-5:00PM,,,,,,,,,,,,,,,,,,,,,,,,,,,,,,,,,45.8423397,-122.8161371
33,Transfer Station,Vernonia Transfer Station,Private, 500 California Avenue,Vernonia,OR,97064.0,Columbia,503-366-2613,http://www.vernonia-or.gov/,No,8:00AM-5:00PM,8:00AM-5:00PM,8:00AM-5:00PM,8:00AM-5:00PM,8:00AM-5:00PM,No,Yes,No,No,Yes,Yes,Yes,No,No,No,No,No,No,No,No,No,No,No,No,No,,,,,,,,,,,,,,45.857419,-123.1848983
34,Compost Facility,SeaCoast Compost,Private,63073 Seven Devils Rd,Charleston,OR,97420.0,Coos,541-888-6757,https://redefiningcompost.com/contact/,,,,,,,,No,No,No,Yes,No,No,No,No,No,No,No,No,No,No,No,No,No,No,No,,,,,,,,,,,,,,43.3148604,-124.3440594
35,Compost Facility,Bandon Organic Compost Company,Private,88154 Barnekoff Ln,Bandon,OR,97411.0,Coos,541-347-9393,,,,,,,,,No,No,No,Yes,No,No,No,No,No,No,No,No,No,No,No,No,No,No,No,,,,,,,,,,,,,,43.070294,-124.3896597
36,Landfill,Coquille Disposal Site,Private,"Sec02,T28S,R13W",Coquille,OR,97423.0,Coos,541-679-2130,http://www.co.coos.or.us/departments/solidwaste.aspx,No,No,8:00AM-4:30PM,8:00AM-4:30PM,8:00AM-4:30PM,8:00AM-4:30PM,8:00AM-4:30PM,,,,,,,,,,,,,,,,,,,,,,,,,,,,,,,,,43.1846514,-124.1647662
37,Landfill,North Spit Landfill,Private,Horsfall Beach Rd,North Bend,OR,97459.0,Coos,713-400-2834,,,,,,,,,,,,,,,,,,,,,,,,,,,,,,,,,,,,,,,,,43.44192470000001,-124.2456407
38,Transfer Station,Beaver Hill Solid Waste Facility,Government,55722 Hwy 101,Coos Bay,OR,97420.0,Coos,541-396-7660,http://www.co.coos.or.us/Departments/SolidWaste.aspx,No,No,8:30AM-4:00PM,8:30AM-4:00PM,8:30AM-4:00PM,8:30AM-4:00PM,8:30AM-4:00PM,,,,,,,,,,,,,,,,,,,,,,,,,,,,,,,,,43.2711317,-124.2611967
39,Transfer Station,West Coast Recycling And Transfer Inc. dba Public Disposal & Recycling,Private,1210 S. Broadway St. ,Coos Bay,OR,97420.0,Coos,541-756-5868,,No,8:00AM-5:00PM,8:00AM-5:00PM,8:00AM-5:00PM,8:00AM-5:00PM,8:00AM-5:00PM,8:00AM-5:00PM,,,,,,,,,,,,,,,,,,,,,,,,,,,,,,,,,43.3542442,-124.2127151
40,Compost Facility,Crook County Landfill Compost Facility,Government,5601 Sw Houston Lake Rd,Prineville,OR,97754.0,Crook,541-447-6555,http://co.crook.or.us/Departments/Landfill2/LandfillHome/tabid/2032/Default.aspx,No,8:00AM-4:30PM,8:00AM-4:30PM,8:00AM-4:30PM,8:00AM-4:30PM,8:00AM-4:30PM,8:00AM-4:30PM,No,No,No,Yes,No,No,No,No,No,No,No,No,No,No,No,No,No,No,No,,,,,,,,,,,,,,44.3022346,-120.9126815
41,Landfill,Crook County Landfill,Government,5601 Sw Houston Lake Rd,Prineville,OR,97754.0,Crook,541-447-6555,http://co.crook.or.us/Departments/Landfill2/LandfillHome/tabid/2032/Default.aspx,No,8:00AM-4:30PM,8:00AM-4:30PM,8:00AM-4:30PM,8:00AM-4:30PM,8:00AM-4:30PM,8:00AM-4:30PM,,,,,,,,,,,,,,,,,,,,,,,,,,,,,,,,,44.3022346,-120.9126815
42,Landfill,Regional Tire Recovery And Disposal Facility,Private,7220 Nw O Neil Hwy,Prineville,OR,97754.0,Crook,818-571-2425,http://www.tiredisposal-recycling.com/,No,8:00AM-3:30PM,8:00AM-3:30PM,8:00AM-3:30PM,8:00AM-3:30PM,8:00AM-3:30PM,No,,,,,,,,,,,,,,,,,,,,,,,,,,,,,,,,,44.32968450000001,-120.9305353
43,Transfer Station,Paulina Transfer Station,Government,E Of Prineville @ Junction Of Hwy 113 & ,Paulina,OR,97751.0,Crook,541-447-6555,,,,,,,,,Yes,No,No,No,No,No,No,No,No,No,No,No,No,No,No,No,No,No,No,,,,,,,,,,,,,,44.2866489,-120.8154566
44,Transfer Station,Prineville Disposal Reload Station,Private,1751 N Main St,Prineville,OR,97754.0,Crook,541-447-5208,http://www.prinevilledisposal.com/,No,8:00AM-4:00PM,8:00AM-4:00PM,8:00AM-4:00PM,8:00AM-4:00PM,8:00AM-4:00PM,No,,,,,,,,,,,,,,,,,,,,,,,,,,,,,,,,,44.3174465,-120.8488931
45,Waste Tire Facility,"Grizzly Transport, LLC",Private,3595 Ne 3Rd St,Prineville,OR,97754.0,Crook,541-447-8377,,,,,,,,,No,No,No,No,No,No,No,No,No,No,No,No,No,No,No,No,No,No,Yes,,,,,,,,,,,,,,44.3047428,-120.8032549
46,Landfill,South Coast Lumber,Private,Near Brookings Airport,Brookings,OR,97415.0,Curry,541-469-2136,http://www.pacificwoodlamites.com/,No,8:00AM-5:00PM,8:00AM-5:00PM,8:00AM-5:00PM,8:00AM-5:00PM,8:00AM-5:00PM,No,,,,,,,,,,,,,,,,,,,,,,,,,,,,,,,,,42.04882569999999,-124.2867253
47,Transfer Station,Brookings Transfer Station,Government,17498 Carpenterville Rd,Brookings,OR,97415.0,Curry,541-469-2425,http://www.currytransferrecycling.com/,No,8:00AM-5:00PM,8:00AM-5:00PM,8:00AM-5:00PM,8:00AM-5:00PM,8:00AM-5:00PM,No,Yes,No,No,Yes,Yes,Yes,No,No,No,No,No,No,No,No,No,No,No,No,No,,,,,,,,,,,,,,42.1942785,-124.3709372
48,Transfer Station,Nesika Beach Transfer Station,Government,6 Mi. N Of Gold Beach On Hwy. 101,Gold Beach,OR,97415.0,Curry,541-247-3291,,,,,,,,,Yes,No,No,Yes,Yes,Yes,No,No,No,No,No,No,No,No,No,No,No,No,No,,,,,,,,,,,,,,42.4072532,-124.4209767
49,Transfer Station,Port Orford Transfer Station,Government,42750 Arizona St.,Port Orford,OR,97465.0,Curry,541-247-3291,http://www.portorford.org/publicworks.html,,,,,,,,Yes,No,No,Yes,Yes,Yes,No,No,No,No,No,No,No,No,No,No,No,No,No,,,,,,,,,,,,,,42.7458191,-124.4988449
50,Transfer Station,Wridge Creek Transfer Station,Private,"T39S, R14W, S16Wm",Brookings,OR,97415.0,Curry,541-469-2425,http://www.currytransferrecycling.com/,No,8:00AM-5:00PM,8:00AM-5:00PM,8:00AM-5:00PM,8:00AM-5:00PM,8:00AM-5:00PM,No,Yes,No,No,Yes,Yes,Yes,No,No,No,No,No,No,No,No,No,No,No,No,No,,,,,,,,,,,,,,42.1942785,-124.3709372
51,Compost Facility,Knott Pit Landfill Compost Facility,Government,61050  Se 27Th St,Bend,OR,97702.0,Deschutes,541-317-3163,http://www.deschutesrecycling.com/,7:00AM-5:00PM,7:00AM-5:00PM,7:00AM-5:00PM,7:00AM-5:00PM,7:00AM-5:00PM,7:00AM-5:00PM,7:00AM-5:00PM,No,No,No,Yes,No,No,No,No,No,No,No,No,No,No,No,No,No,No,No,,,,,,,,,,,,,,44.0131402,-121.2571531
52,Landfill,Knott Landfill,Government,E Side Of Bend,Bend,OR,97702.0,Deschutes,541-317-3163,https://www.deschutes.org/solidwaste,No,7:00AM-4:30PM,7:00AM-4:30PM,7:00AM-4:30PM,7:00AM-4:30PM,7:00AM-4:30PM,7:00AM-4:30PM,,,,,,,,,,,,,,,,,,,,,,,,,,,,,,,,,44.0131402,-121.2571531
53,Transfer Station,Alfalfa Transfer Station,Government,Walker Road,Bend,OR,97702.0,Deschutes,541-317-3163,http://www.deschutesrecycling.com/,7:00AM-5:00PM,7:00AM-5:00PM,7:00AM-5:00PM,7:00AM-5:00PM,7:00AM-5:00PM,7:00AM-5:00PM,7:00AM-5:00PM,Yes,No,Yes,Yes,Yes,Yes,No,No,No,No,No,No,No,No,No,No,No,No,Yes,,,,,,,,,,,,,,44.0166315,-121.2527633
54,Transfer Station,Deschutes County Transfer Station and Household Hazardous Waste Facility,Government,61050  Se 27Th St,Bend,OR,97702.0,Deschutes,541-317-3163,https://www.deschutes.org/solidwaste,No,7:00AM-4:30PM,7:00AM-4:30PM,7:00AM-4:30PM,7:00AM-4:30PM,7:00AM-4:30PM,7:00AM-4:30PM,,,,,,,,,,,,,,,,,,,,,,,,,,,,,,,,,44.0131402,-121.2571531
55,Transfer Station,Negus Transfer Station,Government,Off Negus Way (County Road),Redmond,OR,97756.0,Deschutes,541-317-3163,,No,8:00AM-4:00PM,8:00AM-4:00PM,8:00AM-4:00PM,8:00AM-4:00PM,8:00AM-4:00PM,8:00AM-4:00PM,Yes,No,Yes,Yes,Yes,Yes,No,No,No,No,No,No,No,No,No,No,No,No,Yes,,,,,,,,,,,,,,44.28979,-121.1423349
56,Transfer Station,Northwest  (Fryrear) Transfer Station,Government,68200 Fryrear Rd ,Sisters,OR,97759.0,Deschutes,541-317-3163,https://www.deschutes.org/solidwaste/page/administration-disposal-and-recycling-locations,No,No,No,9:00AM-5:00PM,Closed,No,No,,,,,,,,,,,,,,,,,,,,,,,,,,,,,,,,,44.2698072,-121.4323172
57,Transfer Station,Southwest Transfer Station,Government,54580 Hwy 97 ,La Pine,OR,97739.0,Deschutes,541-317-3163,http://www.deschutes.org/solidwaste/page/administration-disposal-and-recycling-locations,No,No,No,8:00AM-4:00PM,8:00AM-4:00PM,8:00AM-4:00PM,8:00AM-4:00PM,Yes,No,No,Yes,Yes,Yes,No,No,No,No,No,No,No,No,No,No,No,No,No,,,,,,,,,,,,,,43.7828353,-121.4457389
58,Landfill,Roseburg Landfill,Government,376 Roseburg Landfill Road,Roseburg,OR,97470.0,Douglas,541-440-4208,,,,,,,,,Yes,No,No,Yes,Yes,Yes,No,No,No,No,No,No,No,Yes,Yes,No,No,No,Yes,,,,,,,,,,,,,,43.187874,-123.3800998
59,Landfill,Riddle Ash Landfill,Private,Riddle By-Pass Road,Riddle,OR,97469.0,Douglas,541-679-2130,,,,,,,,,,,,,,,,,,,,,,,,,,,,,,,,,,,,,,,,,42.9552197,-123.3713305
60,Landfill,Riddle Plywood Plant Disposal Site No. 1 & No. 2,Private,3064 Riddle Bypass Rd.,Riddle,OR,97469.0,Douglas,541-679-2130,,,,,,,,,,,,,,,,,,,,,,,,,,,,,,,,,,,,,,,,,,
61,Landfill,Rifle Range Road Landfill,Private,Near 556 Rifle Range Rd,Roseburg,OR,97470.0,Douglas,541-461-6233,,,,,,,,,,,,,,,,,,,,,,,,,,,,,,,,,,,,,,,,,43.2288012,-123.3171607
62,Landfill,Roseburg Forest Products Dillard Disposal Site,Private,10700 Old Hwy 99S,Dillard,OR,97432.0,Douglas,541-679-2130,http://www.roseburg.com/,No,8:00AM-5:00PM,8:00AM-5:00PM,8:00AM-5:00PM,8:00AM-5:00PM,8:00AM-5:00PM,No,,,,,,,,,,,,,,,,,,,,,,,,,,,,,,,,,43.0876558,-123.4159517
63,Landfill,Swanson Group Mfg. LLC Glide,Private,1/2 Mile South Of 1577 Glide Loop Rd.,Glide,OR,97443.0,Douglas,541-492-1115,,,,,,,,,,,,,,,,,,,,,,,,,,,,,,,,,,,,,,,,,43.3077391,-123.0835714
64,Landfill,Umpqua Lumber Company Landfill,Private,Horizon Road,Dillard,OR,97470.0,Douglas,541-874-2231,,,,,,,,,,,,,,,,,,,,,,,,,,,,,,,,,,,,,,,,,43.1028939,-123.4278501
65,Transfer Station,Camas Valley Transfer Station,Government,"County Rd. 214, 2 Mi. N. Of Camas Valley",Camas Valley,OR,97416.0,Douglas,541-440-4485,,,,,,,,,Yes,No,No,Yes,Yes,Yes,No,No,No,No,No,No,No,No,No,No,No,No,No,,,,,,,,,,,,,,43.0333629,-123.6739646
66,Transfer Station,Canyonville Transfer Station,Government,600 Jordan Creek Road,Canyonville,OR,97417.0,Douglas,541-440-4485,http://recyclepower.org/,No,No,No,8:00AM-6:00PM,8:00AM-6:00PM,8:00AM-6:00PM,8:00AM-6:00PM,Yes,No,No,Yes,Yes,Yes,No,No,No,No,No,No,No,No,No,No,No,No,No,,,,,,,,,,,,,,42.917765,-123.32317
67,Transfer Station,Elkton Transfer Station,Government,End Of County Rd. 320,Elkton,OR,97436.0,Douglas,541-440-4485,,No,No,No,8:00AM-6:00PM,Closed,No,No,Yes,No,No,Yes,Yes,Yes,No,No,No,No,No,No,No,No,No,No,No,No,No,,,,,,,,,,,,,,43.6526173,-123.6276145
68,Transfer Station,Glendale Transfer Station,Government,240 Glendale Transfer Road,Glendale,OR,97442.0,Douglas,541-440-4485,http://www.recyclepower.org/,8:00AM-6:00PM,No,No,8:00AM-6:00PM,8:00AM-6:00PM,8:00AM-6:00PM,8:00AM-6:00PM,Yes,No,No,Yes,Yes,Yes,No,No,No,No,No,No,No,No,No,No,No,No,No,,,,,,,,,,,,,,42.7696116,-123.3356413
69,Transfer Station,Glide Transfer Station,Government,13921 Glide Transfer Rd,Glide,OR,97443.0,Douglas,541-440-4485,http://www.recyclepower.org/,No,No,No,8:00AM-6:00PM,8:00AM-6:00PM,8:00AM-6:00PM,8:00AM-6:00PM,Yes,No,No,Yes,Yes,Yes,No,No,No,No,No,No,No,No,No,No,No,No,No,,,,,,,,,,,,,,43.29076790000001,-123.1730307
70,Transfer Station,Myrtle Creek Transfer Station,Government,300 Myrtle Creek Transfer Rd.,Myrtle Creek,OR,97457.0,Douglas,541-440-4485,http://recyclepower.org/,No,No,No,8:00AM-6:00PM,8:00AM-6:00PM,8:00AM-6:00PM,8:00AM-6:00PM,Yes,No,No,Yes,Yes,Yes,No,No,No,No,No,No,No,No,No,No,No,No,No,,,,,,,,,,,,,,43.0323862,-123.2973305
71,Transfer Station,Oakland Transfer Station,Government,220 Oakland-Sutherlin Transfer Rd.,Oakland,OR,97462.0,Douglas,541-440-4485,http://www.recyclepower.org/,8:00AM-6:00PM,No,No,No,8:00AM-6:00PM,8:00AM-6:00PM,8:00AM-6:00PM,Yes,No,No,Yes,Yes,Yes,No,No,No,No,No,No,No,No,No,No,No,No,No,,,,,,,,,,,,,,43.4298635,-123.3149284
72,Transfer Station,Reedsport Transfer Station,Government,300 Reedsport Transfer Station Road,Reedsport,OR,97467.0,Douglas,541-440-4485,http://www.recyclepower.org/,No,No,No,8:00AM-6:00PM,8:00AM-6:00PM,8:00AM-6:00PM,8:00AM-6:00PM,Yes,No,No,Yes,Yes,Yes,No,No,No,No,No,No,No,Yes,Yes,No,No,No,No,,,,,,,,,,,,,,43.68874350000001,-124.0697937
73,Transfer Station,Roseburg Transfer Station,Government,165 Mcclain West Ave.,Roseburg,OR,97470.0,Douglas,541-440-4485,http://www.recyclepower.org/,8:00AM-6:00PM,No,No,8:00AM-6:00PM,8:00AM-6:00PM,8:00AM-6:00PM,8:00AM-6:00PM,Yes,No,No,Yes,Yes,Yes,No,No,No,No,No,No,No,No,No,No,No,No,Yes,,,,,,,,,,,,,,43.1851348,-123.3754348
74,Transfer Station,Tiller Transfer Station,Government,150 Tiller Transfer Rd.,Tiller,OR,97484.0,Douglas,541-440-4485,,,,,,,,,Yes,No,No,Yes,Yes,Yes,No,No,No,No,No,No,No,No,No,No,No,No,No,,,,,,,,,,,,,,,
75,Transfer Station,Yoncalla Transfer Station,Government,555 Yoncalla Transfer Rd,Yoncalla,OR,97499.0,Douglas,541-440-4485,http://www.recyclepower.org/,8:00AM-6:00PM,No,No,8:00AM-6:00PM,8:00AM-6:00PM,8:00AM-6:00PM,8:00AM-6:00PM,Yes,No,No,Yes,Yes,Yes,No,No,No,No,No,No,No,No,No,No,No,No,No,,,,,,,,,,,,,,43.5984531,-123.2834167
76,Compost Facility,Columbia Ridge Landfill: Composting,Private,18177 Cedar Springs Ln,Arlington,OR,97812.0,Gilliam,541-454-3201,https://www.wm.com/,No,6:15AM-3:30PM,6:15AM-3:30PM,6:15AM-3:30PM,6:15AM-3:30PM,6:15AM-3:30PM,No,Yes,No,No,Yes,Yes,Yes,No,No,No,No,No,No,No,Yes,Yes,No,No,No,No,,,,,,,,,,,,,,45.6160436,-120.2457074
77,Landfill,Columbia Ridge Landfill,Private,18177 Cedar Springs Ln,Arlington,OR,97812.0,Gilliam,541-454-2030,https://www.wm.com/,No,6:15AM-3:30PM,6:15AM-3:30PM,6:15AM-3:30PM,6:15AM-3:30PM,6:15AM-3:30PM,No,Yes,No,No,Yes,Yes,Yes,No,No,No,No,No,No,No,Yes,Yes,No,No,No,No,,,,,,,,,,,,,,45.6160436,-120.2457074
78,Transfer Station,Columbia Ridge Transfer Station,Private,18177 Cedar Springs Ln,Arlington,OR,97812.0,Gilliam,541-454-2030,https://www.wm.com/,No,6:15AM-3:30PM,6:15AM-3:30PM,6:15AM-3:30PM,6:15AM-3:30PM,6:15AM-3:30PM,No,Yes,No,No,No,Yes,Yes,No,No,No,No,No,No,No,No,No,Yes,Yes,Yes,No,,,,,,,,,,,,,,45.6160436,-120.2457074
79,Transfer Station,Condon Transfer Station,Government,Brown Lane,Condon,OR,97823.0,Gilliam,541-384-2711,http://cityofcondon.com/recycling/,,,,,,,,Yes,No,No,Yes,Yes,Yes,No,No,No,No,No,No,No,No,No,No,No,No,Yes,,,,,,,,,,,,,,45.2582852,-120.1712895
80,Landfill,Silvies Valley Ranch LLC,Private,40000 E. Cowboy Lane,Seneca,OR,97873.0,Grant,541-589-3994,https://www.silvies.us/,8:00AM-9:00PM,8:00AM-9:00PM,8:00AM-9:00PM,8:00AM-9:00PM,8:00AM-9:00PM,8:00AM-9:00PM,8:00AM-9:00PM,,,,,,,,,,,,,,,,,,,,,,,,,,,,,,,,,44.05857899999999,-118.9631071
81,Transfer Station,Hendrix  (Clark's) Transfer Station,Government,26431 Luce Creek Rd.,John Day,OR,97845.0,Grant,541-575-0059,https://clarks-disposal.business.site/?utm_source=gmb&utm_medium=referral,No,11:00AM-2:00PM,11:00AM-2:00PM,11:00AM-2:00PM,11:00AM-2:00PM,11:00AM-2:00PM,No,,,,,,,,,,,,,,,,,,,,,,,,,,,,,,,,,44.3633355,-119.0043313
82,Transfer Station,Long Creek Transfer Station,Government,55356 Paul Creek Lane,Long Creek,OR,97856.0,Grant,541-421-3601,,,,,,,,,Yes,No,No,No,No,No,No,No,No,No,No,No,No,No,No,No,No,No,No,,,,,,,,,,,,,,44.9901523,-93.5972317
83,Transfer Station,Monument Transfer Station,Government,"North Of Monument On ""Airport Road""",Monument,OR,97864.0,Grant,541-934-2025,,,,,,,,,Yes,No,No,No,No,No,No,No,No,No,No,No,No,No,No,No,No,No,No,,,,,,,,,,,,,,43.8041334,-120.5542012
84,Transfer Station,Seneca Transfer Station,Government,Shirttail Creek Road Sec34,Seneca,OR,97873.0,Grant,541-542-2161,,No,7:00AM-6:00PM,No,7:00AM-6:00PM,Closed,No,7:00AM-3:00PM,Yes,No,No,No,No,No,No,No,No,No,No,No,No,No,No,No,No,No,No,,,,,,,,,,,,,,44.1332098,-118.9748448
85,Landfill,Burns-Hines Disposal Site,Private,"Sec 14, T23S, R30E",Burns,OR,97720.0,Harney,541-573-6441,,11:00AM-4:00PM,10:00AM-7:00PM,10:00AM-7:00PM,10:00AM-7:00PM,10:00AM-7:00PM,10:00AM-7:00PM,10:00AM-7:00PM,Yes,No,No,No,Yes,Yes,No,No,No,No,No,No,No,Yes,Yes,No,No,No,No,,,,,,,,,,,,,,43.5862606,-119.0541032
86,Landfill,Diamond Disposal Site,Government,"Sec 15, T29S, R32E",Diamond,OR,97722.0,Harney,541-573-6356,http://www.diamonddisposalllc.com/,No,7:00AM-4:00PM,7:00AM-4:00PM,7:00AM-4:00PM,7:00AM-4:00PM,7:00AM-4:00PM,No,Yes,No,No,Yes,Yes,Yes,No,No,No,No,No,No,No,No,No,No,No,No,No,,,,,,,,,,,,,,40.3688643,-75.6188541
87,Landfill,Drewsey Disposal Site,Government,"Sec 7, T20S, R36E",Drewsey,OR,97904.0,Harney,541-573-6356,,,,,,,,,Yes,No,No,Yes,Yes,Yes,No,No,No,No,No,No,No,No,No,No,No,No,No,,,,,,,,,,,,,,43.8071385,-118.3786823
88,Landfill,Fields Disposal Site,Government,"Andrews (Unincorporated) Sec24,T35S,R33E",Fields,OR,,Harney,541-573-6356,,,,,,,,,Yes,No,No,Yes,Yes,Yes,No,No,No,No,No,No,No,No,No,No,No,No,No,,,,,,,,,,,,,,,
89,Landfill,Frenchglen Disposal Site,Government,"Sec 9, T32S, R32E",Frenchglen,OR,97736.0,Harney,541-573-6356,http://www.frenchglenhotel.com/,,,,,,,,Yes,No,No,Yes,Yes,Yes,No,No,No,No,No,No,No,No,No,No,No,No,No,,,,,,,,,,,,,,42.8279687,-118.9152153
90,Landfill,Riley Disposal Site,Government,"Sec 10, T23S, R26E",Riley,OR,97758.0,Harney,541-573-6356,,,,,,,,,Yes,No,No,Yes,Yes,Yes,No,No,No,No,No,No,No,No,No,No,No,No,No,,,,,,,,,,,,,,,
91,Compost Facility,Columbia Gorge Organic Fruit Compost Facility,Private,3510 Central Vale Rd,Hood River,OR,97031.0,Hood River,541-354-1066,http://www.cogojuice.com/,No,8:00AM-4:30PM,8:00AM-4:30PM,8:00AM-4:30PM,8:00AM-4:30PM,8:00AM-4:30PM,No,No,No,No,Yes,No,No,No,No,No,No,No,No,No,No,No,No,No,No,No,,,,,,,,,,,,,,45.6069335,-121.5401457
92,Transfer Station,Hood River Recycling & Transfer Station + Tri-County HHHW Collection Facility,Private,3440 Guignard Dr,Hood River,OR,97031.0,Hood River,503-288-7844,http://www.hoodrivergarbage.com/,No,8:00AM-5:00PM,8:00AM-5:00PM,8:00AM-5:00PM,8:00AM-5:00PM,8:00AM-5:00PM,No,Yes,No,No,Yes,Yes,Yes,No,No,No,No,No,No,No,No,No,No,No,No,No,,,,,,,,,,,,,,45.6829296,-121.5325178
93,Waste Tire Facility,Jubitz Tire/Soil Berm,Private,8700 Clear Creek Rd.,Parkdale,OR,97041.0,Hood River,503-292-0046,,,,,,,,,No,No,No,No,No,No,No,No,No,No,No,No,No,No,No,No,No,No,Yes,,,,,,,,,,,,,,45.5966543,-122.668325
94,Compost Facility,Rogue Compost Facility,Private,6260 Dry Creek Rd,Eagle Point,OR,97524.0,Jackson,541-779-4161,,,,,,,,,No,No,No,Yes,No,No,No,No,No,No,No,No,No,No,No,No,No,No,No,,,,,,,,,,,,,,42.3807269,-122.7749493
95,Compost Facility,Hilton Fuel & Supply Company,Private,8087 Blackwell Rd,Central Point,OR,97502.0,Jackson,541-664-3374,http://hiltonlandscapesupply.com/,No,7:00AM-4:30PM,7:00AM-4:30PM,7:00AM-4:30PM,7:00AM-4:30PM,7:00AM-4:30PM,7:00AM-4:30PM,No,No,No,Yes,No,No,No,No,No,No,No,No,No,No,No,No,No,No,No,,,,,,,,,,,,,,42.4186884,-122.9690565
96,Landfill,Dry Creek Landfill,Private,6260 Dry Creek Road,Eagle Point,OR,97524.0,Jackson,541-494-5455,http://roguedisposal.com/about-the-landfill/,No,8:00AM-5:00PM,8:00AM-5:00PM,8:00AM-5:00PM,8:00AM-5:00PM,8:00AM-5:00PM,7:00AM-4:00PM,Yes,No,No,No,Yes,Yes,No,No,No,No,No,No,No,Yes,Yes,No,No,No,No,,,,,,,,,,,,,,42.3807269,-122.7749493
97,Transfer Station,Rogue Transfer Station & Mrf,Private,8001 Table Rock Rd,Medford,OR,97503.0,Jackson,541-779-4161,https://roguedisposal.com/transfer-station,No,7:00AM-5:00PM,7:00AM-5:00PM,7:00AM-5:00PM,7:00AM-5:00PM,7:00AM-5:00PM,7:00AM-5:00PM,,,,,,,,,,,,,,,,,,,,,,,,,,,,,,,,,42.432213,-122.8891349
98,Transfer Station,Valley View Transfer Station,Private,3000 N. Valley View Rd.,Ashland,OR,97520.0,Jackson,541-552-5602,https://www.recology.com/recology-ashland/valley-view-transfer-station/,No,7:30AM-4:00PM,7:30AM-4:00PM,7:30AM-4:00PM,7:30AM-4:00PM,7:30AM-4:00PM,7:30AM-4:00PM,Yes,No,No,Yes,Yes,Yes,Yes,Yes,Yes,Yes,Yes,Yes,Yes,Yes,Yes,No,No,No,Yes,,,,,,,,,,,,,,42.2636081,-122.7358994
99,Compost Facility,"High Desert Organix, LLC Compost Facility",Private,Ne Cherry Lane,Madras,OR,97741.0,Jefferson,541-475-2627,,,,,,,,,No,No,No,Yes,No,No,No,No,No,No,No,No,No,No,No,No,No,No,No,,,,,,,,,,,,,,44.5956475,-121.0710624
100,Transfer Station,Box Canyon Transfer Station,Government,1760 Se Mctaggart,Madras,OR,97741.0,Jefferson,503-899-7248,http://madrassanitary.com/,8:30AM-4:30PM,8:30AM-4:30PM,No,No,Closed,8:30AM-4:30PM,8:30AM-4:30PM,Yes,No,No,Yes,Yes,Yes,No,No,No,No,No,No,No,No,No,No,No,No,No,,,,,,,,,,,,,,44.6095695,-121.1026687
101,Transfer Station,Camp Sherman Transfer Station,Government,Intersection Of Nf Rd 14 And 1419 ,Camp Sherman,OR,97730.0,Jefferson,503-899-7248,,,,,,,,,,,,,,,,,,,,,,,,,,,,,,,,,,,,,,,,,44.4600175,-121.6473132
102,Compost Facility,"Southern Oregon Compost, LLC",Private,5863 Lower River Rd.,Grants Pass,OR,97526.0,Josephine,541-479-7409,,No,9:00AM-3:00PM,9:00AM-3:00PM,9:00AM-3:00PM,9:00AM-3:00PM,9:00AM-3:00PM,9:00AM-3:00PM,No,No,No,Yes,No,No,No,No,No,No,No,No,No,No,No,No,No,No,No,,,,,,,,,,,,,,42.436699,-123.4281908
103,Transfer Station,Josephine Recycling And Transfer Station,Private,1749 Merlin Rd,Grants Pass,OR,97526.0,Josephine,541-479-3371,http://www.republicservices.com/?utm_source=yext.com&utm_medium=referral&utm_campaign=Yext_Profile_Click_Google&utm_term=454,,,,,,,,Yes,No,Yes,No,Yes,Yes,No,No,No,No,No,No,No,No,No,No,No,No,Yes,,,,,,,,,,,,,,42.5004242,-123.3998234
104,Transfer Station,Kerby Transfer Station,Private,"Off Mainline Road Northeast Of Kerby, Or",Kerby,OR,97544.0,Josephine,541-479-5335,http://www.sosanitation.com/,No,9:00AM-4:00PM,9:00AM-4:00PM,9:00AM-4:00PM,9:00AM-4:00PM,9:00AM-4:00PM,9:00AM-4:00PM,,,,,,,,,,,,,,,,,,,,,,,,,,,,,,,,,42.1942797,-123.651735
105,Transfer Station,Southern Oregon Sanitation Transfer Station,Private,1381 Redwood Ave,Grants Pass,OR,97527.0,Josephine,541-479-5335,http://www.sosanitation.com/,8:00AM-5:00PM,8:00AM-5:00PM,8:00AM-5:00PM,8:00AM-5:00PM,8:00AM-5:00PM,8:00AM-5:00PM,8:00AM-5:00PM,Yes,No,No,No,No,No,Yes,Yes,Yes,Yes,Yes,Yes,Yes,No,No,No,No,No,No,,,,,,,,,,,,,,42.421955,-123.355133
106,Compost Facility,Regional Disposal Company,Private,54 South Dawson Street,Seattle,OR,98134.0,King,206-332-7768,,No,8:00AM-5:00PM,8:00AM-5:00PM,8:00AM-5:00PM,8:00AM-5:00PM,8:00AM-5:00PM,No,No,No,No,Yes,No,No,No,No,No,No,No,No,No,No,No,No,No,No,No,,,,,,,,,,,,,,47.5559032,-122.3361709
107,Compost Facility,Stateline Compost,Private,24600 Hwy 97,Klamath Falls,OR,97627.0,Klamath,541-880-8318,,,,,,,,,No,No,No,Yes,No,No,No,No,No,No,No,No,No,No,No,No,No,No,No,,,,,,,,,,,,,,48.2806485,-119.7013221
108,Compost Facility,Klamath Falls Landfill-compost facility,Government,801 Old Fort Rd,Klamath Falls,OR,97601.0,Klamath,541-883-5121,,8:00AM-4:00PM,8:00AM-4:00PM,8:00AM-4:00PM,8:00AM-4:00PM,8:00AM-4:00PM,8:00AM-4:00PM,8:00AM-4:00PM,Yes,No,No,Yes,Yes,Yes,No,No,No,No,No,No,No,Yes,Yes,No,No,No,Yes,,,,,,,,,,,,,,42.233942,-121.75492
109,Compost Facility,Tulelake Compost Yard,Private,23423 Old Malin Hwy,Malin,OR,97632.0,Klamath,623-853-9880,,,,,,,,,No,No,No,Yes,No,No,No,No,No,No,No,No,No,No,No,No,No,No,No,,,,,,,,,,,,,,42.0252595,-121.4924428
110,Landfill,Klamath Falls Landfill,Government,801 Old Fort Road,Klamath Falls,OR,97601.0,Klamath,541-883-4294,,8:00AM-4:00PM,8:00AM-4:00PM,8:00AM-4:00PM,8:00AM-4:00PM,8:00AM-4:00PM,8:00AM-4:00PM,8:00AM-4:00PM,Yes,No,No,Yes,Yes,Yes,No,No,No,No,No,No,No,Yes,Yes,No,No,No,Yes,,,,,,,,,,,,,,42.233942,-121.75492
111,Landfill,Chemult Landfill,Government,400 Chemult Dump Road,Chemult,OR,97731.0,Klamath,541-891-1608,,,,,,,,,,,,,,,,,,,,,,,,,,,,,,,,,,,,,,,,,43.2165182,-121.7831612
112,Transfer Station,Shady Pine Road,Private,11091 Shady Pine Road,Klamath,OR,97602.0,Klamath,541-882-8377,,,,,,,,,,,,,,,,,,,,,,,,,,,,,,,,,,,,,,,,,42.328518,-121.8173778
113,Transfer Station,Beatty Transfer Station,Government,21000 Yellow Jacket Springs Rd,Beatty,OR,97621.0,Klamath,541-891-1608,,,,,,,,,Yes,No,No,No,No,No,Yes,Yes,Yes,Yes,Yes,Yes,Yes,No,No,No,No,No,No,,,,,,,,,,,,,,42.4141983,-121.2766287
114,Transfer Station,Bonanza Transfer Station,Government, 1101 Bonanza Cut-Off Rd,Bonanza,OR,97623.0,Klamath,541-891-1608,,8:00AM-4:00PM,8:00AM-4:00PM,8:00AM-4:00PM,8:00AM-4:00PM,8:00AM-4:00PM,8:00AM-4:00PM,8:00AM-4:00PM,Yes,No,No,Yes,Yes,Yes,No,No,No,No,No,No,No,No,No,No,No,No,No,,,,,,,,,,,,,,42.1987607,-121.4061076
115,Transfer Station,Chiloquin Transfer Station,Government,2301 Chiloquin Sprague River Hwy,Chiloquin,OR,97624.0,Klamath,541-891-1608,,,,,,,,,Yes,No,No,Yes,Yes,Yes,No,No,No,No,No,No,No,No,No,No,No,No,No,,,,,,,,,,,,,,42.5776364,-121.8661258
116,Transfer Station,Crescent Transfer Station,Government,"3 Mi. West Of Crescent, On Crescent Cut-",Crescent,OR,97733.0,Klamath,541-891-1608,,No,No,No,8:30AM-3:00PM,8:30AM-3:00PM,8:30AM-3:00PM,8:30AM-3:00PM,Yes,No,No,No,No,No,No,No,No,No,No,No,No,No,No,No,No,No,No,,,,,,,,,,,,,,43.4623474,-121.6955803
117,Transfer Station,Keno Transfer Station,Government,15353 Keno-Worden Rd,Keno,OR,97603.0,Klamath,541-891-1608,,,,,,,,,Yes,No,No,Yes,Yes,Yes,Yes,Yes,Yes,Yes,Yes,Yes,Yes,No,No,No,No,No,No,,,,,,,,,,,,,,42.089003,-121.897461
118,Transfer Station,Merrill Transfer Station,Government,13400 Lower Lake Rd,Merrill,OR,97633.0,Klamath,541-891-1608,,,,,,,,,Yes,No,No,Yes,Yes,Yes,No,No,No,No,No,No,No,No,No,No,No,No,No,,,,,,,,,,,,,,,
119,Transfer Station,Odessa Transfer Station,Government,26000 Hwy 140 West,Rocky Point,OR,97601.0,Klamath,541-891-1608,,8:00AM-4:00PM,8:00AM-4:00PM,8:00AM-4:00PM,8:00AM-4:00PM,8:00AM-4:00PM,8:00AM-4:00PM,8:00AM-4:00PM,Yes,No,No,Yes,Yes,Yes,No,No,No,No,No,No,No,No,No,No,No,No,No,,,,,,,,,,,,,,,
120,Transfer Station,Rogue Klamath Transfer Station,Private,4005 Tingley Ln,Klamath Falls,OR,97603.0,Klamath,,https://www.klamathcounty.org/359/Disposal-Locations,No,8:00AM-4:00PM,8:00AM-4:00PM,8:00AM-4:00PM,8:00AM-4:00PM,8:00AM-4:00PM,8:00AM-4:00PM,,,,,,,,,,,,,,,,,,,,,,,,,,,,,,,,,42.1902541,-121.7654494
121,Transfer Station,Sprague River Transfer Station,Government,23101 Drews Rd,Sprague River,OR,97639.0,Klamath,541-891-1608,,,,,,,,,Yes,No,No,No,No,No,No,No,No,No,No,No,No,No,No,No,No,No,No,,,,,,,,,,,,,,42.46671,-121.5050469
122,Transfer Station,"Industrial Oil, Inc",Private,1291 Laverne Ave.,Klamath Falls,OR,97603.0,Klamath,800-404-9124,,,,,,,,,,,,,,,,,,,,,,,,,,,,,,,,,,,,,,,,,42.1925575,-121.7678907
123,Compost Facility,McGarva Ranch,Private,16866 Westside Rd,Lakeview,OR,97630.0,Lake,541-947-4062,,,,,,,,,No,No,No,Yes,No,No,No,No,No,No,No,No,No,No,No,No,No,No,No,,,,,,,,,,,,,,42.1393427,-120.4738378
124,Compost Facility,McGarva Ranch,Private,16866 Westside Rd,Lakeview,OR,97630.0,Lake,541-947-4062,,,,,,,,,No,No,No,Yes,No,No,No,No,No,No,No,No,No,No,No,No,No,No,No,,,,,,,,,,,,,,42.1393427,-120.4738378
125,Landfill,Thomas Creek Road Landfill,Government,23980 Thomas Creek Road,Lakeview,OR,97630.0,Lake,541-947-6048,https://www.lakecountyor.org/government/land_fill.php,,,,,,,,,,,,,,,,,,,,,,,,,,,,,,,,,,,,,,,,42.2832389,-120.3641652
126,Transfer Station,Christmas Valley Transfer Station,Government,"On County Rd 9-21, 4 Miles North Of Town",Christmas Valley,OR,97641.0,Lake,541-947-6048,http://www.lakecountyor.org/government/sheriff.php,,,,,,,,Yes,No,No,No,No,No,No,No,No,No,No,No,No,No,No,No,No,No,No,,,,,,,,,,,,,,43.237797,-120.6708853
127,Transfer Station,Fort Rock Transfer Station,Government,3 Miles West Of Fort Rock On County Road,Fort Rock,OR,97735.0,Lake,541-947-6048,,,,,,,,,Yes,No,No,No,No,No,No,No,No,No,No,No,No,No,No,No,No,No,No,,,,,,,,,,,,,,43.3,-121
128,Transfer Station,Paisley Transfer Station,Government,3 Miles North Of Paisley,Paisley,OR,97636.0,Lake,541-947-6048,,,,,,,,,Yes,No,No,No,No,No,No,No,No,No,No,No,No,No,No,No,No,No,No,,,,,,,,,,,,,,42.69376339999999,-120.5460827
129,Transfer Station,Silver Lake Transfer Station,Government,3 Miles Southeast Of Silver Lake Off Hwy,Silver Lake,OR,97638.0,Lake,541-947-6048,,,,,,,,,Yes,No,No,No,No,No,No,No,No,No,No,No,No,No,No,No,No,No,No,,,,,,,,,,,,,,43.12784680000001,-121.0480986
130,Transfer Station,Thomas Creek Road Transfer Station,Government,23980 Thomas Creek Road,Lakeview,OR,97630.0,Lake,541-947-6048,http://www.lakecountyor.org/government/land_fill.php,,,,,,,,,,,,,,,,,,,,,,,,,,,,,,,,,,,,,,,,42.2832389,-120.3641652
131,Compost Facility,JC Compost Yard,Private,Hwy 99 Station 140+75,Junction City,OR,97448.0,Lane,541-345-9085,,,,,,,,,No,No,No,Yes,No,No,No,No,No,No,No,No,No,No,No,No,No,No,No,,,,,,,,,,,,,,44.2193103,-123.2046619
132,Compost Facility,Lane Forest Products,Private,2111 Prairie Road,Eugene,OR,97402.0,Lane,541-345-9085,https://laneforest.com/,9:00AM-5:00PM,7:30AM-5:30PM,7:30AM-5:30PM,7:30AM-5:30PM,7:30AM-5:30PM,7:30AM-5:30PM,7:30AM-5:30PM,No,No,No,Yes,No,No,No,No,No,No,No,No,No,No,No,No,No,No,No,,,,,,,,,,,,,,44.09538999999999,-123.159527
133,Compost Facility,"Shell New Energies, Junction City",Private,92757 Highway 99 S,Junction City,OR,97448.0,Lane,403-384-6150,,,,,,,,,No,No,No,Yes,No,No,No,No,No,No,No,No,No,No,No,No,No,No,No,,,,,,,,,,,,,,44.1808512,-123.201946
134,Compost Facility,Bloomberg Park Leaf Composting Facility,Government,Bloomberg Rd,Eugene,OR,97405.0,Lane,541-682-4800,,,,,,,,,No,No,No,Yes,No,No,No,No,No,No,No,No,No,No,No,No,No,No,No,,,,,,,,,,,,,,44.0176253,-123.0450755
135,Compost Facility,Coburg Production Facility,Private,92574 N Coburg Rd,Eugene,OR,97408.0,Lane,541-342-1835,,,,,,,,,No,No,No,Yes,No,No,No,No,No,No,No,No,No,No,No,No,No,No,No,,,,,,,,,,,,,,44.179119,-123.078993
136,Compost Facility,Winter Green Farm,Private,22481 West Sheffler Rd,Noti,OR,97461.0,Lane,541-935-1920,http://www.wintergreenfarm.com/,,,,,,,,No,No,No,Yes,No,No,No,No,No,No,No,No,No,No,No,No,No,No,No,,,,,,,,,,,,,,44.093312,-123.45731
137,Landfill,Delta Sand & Gravel Demolition Landfill,Private,999 Division Street,Eugene,OR,97404.0,Lane,541-688-2233,http://www.deltasg.com/,No,7:30AM-4:00PM,7:30AM-4:00PM,7:30AM-4:00PM,7:30AM-4:00PM,7:30AM-4:00PM,No,,,,,,,,,,,,,,,,,,,,,,,,,,,,,,,,,44.0966698,-123.1081764
138,Landfill,Short Mountain Landfill,Government,84777 Dillard Access Rd.,Eugene,OR,97405.0,Lane,541-682-3761,,,,,,,,,Yes,No,No,Yes,Yes,Yes,No,No,No,No,No,No,No,Yes,Yes,No,No,No,Yes,,,,,,,,,,,,,,43.9696903,-123.0100799
139,Transfer Station,Cottage Grove Garbage,Private,2055 Getty Circle,Cottage Grove,OR,97424.0,Lane,541-942-8321,https://www.cottagegrovegarbage.com/,No,9:00AM-4:00PM,9:00AM-4:00PM,9:00AM-4:00PM,9:00AM-4:00PM,9:00AM-2:00PM,No,,,,,,,,,,,,,,,,,,,,,,,,,,,,,,,,,43.7813403,-123.0758232
140,Transfer Station,Cottage Grove Transfer Station,Government,78760 Sears Rd.,Cottage Grove,OR,97424.0,Lane,541-682-4342,http://www.lanecounty.org/business/recycling_and_waste,No,No,No,8:00AM-6:00PM,8:00AM-6:00PM,8:00AM-6:00PM,8:00AM-6:00PM,Yes,No,No,Yes,Yes,Yes,No,No,No,No,No,No,No,No,No,No,No,No,No,,,,,,,,,,,,,,43.798786,-123.025527
141,Transfer Station,Creswell Transfer Station,Government,34293 E Cloverdale Rd,Creswell,OR,97426.0,Lane,541-682-4342,http://www.lanecounty.org/,No,No,No,8:00AM-6:00PM,8:00AM-6:00PM,8:00AM-6:00PM,8:00AM-6:00PM,Yes,No,No,Yes,Yes,Yes,No,No,No,No,No,No,No,No,No,No,No,No,No,,,,,,,,,,,,,,43.9155963,-122.9952244
142,Transfer Station,Florence Transfer Station,Government,2820 Rhododendron Dr,Florence,OR,97439.0,Lane,541-682-4342,http://www.lanecounty.org/business/recycling_and_waste,No,8:00AM-6:00PM,8:00AM-6:00PM,8:00AM-6:00PM,8:00AM-6:00PM,8:00AM-6:00PM,8:00AM-6:00PM,Yes,No,Yes,Yes,Yes,Yes,No,No,No,No,No,No,No,No,No,No,No,No,No,,,,,,,,,,,,,,43.9895533,-124.117248
143,Transfer Station,Glenwood Central Receiving Station,Government,3100 E. 17Th Ave.,Eugene,OR,97403.0,Lane,541-682-4342,,,,,,,,,Yes,No,Yes,Yes,Yes,Yes,No,No,No,No,No,No,No,No,No,No,No,No,No,,,,,,,,,,,,,,44.0450783,-123.0803528
144,Transfer Station,London Transfer Station,Government,73111 London Rd,Cottage Grove,OR,97424.0,Lane,541-682-3773,http://www.lanecounty.org/business/recycling_and_waste,No,No,No,8:00AM-6:00PM,8:00AM-6:00PM,8:00AM-6:00PM,8:00AM-6:00PM,Yes,No,No,Yes,Yes,Yes,No,No,No,No,No,No,No,No,No,No,No,No,No,,,,,,,,,,,,,,43.6446262,-123.0830696
145,Transfer Station,Low Pass Transfer Station,Government,22377 Hwy. 36,Cheshire,OR,97419.0,Lane,541-682-4342,,,,,,,,,Yes,No,No,Yes,Yes,Yes,No,No,No,No,No,No,No,No,No,No,No,No,No,,,,,,,,,,,,,,44.1948853,-123.4631706
146,Transfer Station,Marcola Transfer Station,Government,38935 Shotgun Creek Road,Marcola,OR,97454.0,Lane,541-682-3773,,,,,,,,,Yes,No,No,Yes,Yes,Yes,No,No,No,No,No,No,No,No,No,No,No,No,No,,,,,,,,,,,,,,44.2121237,-122.8313133
147,Transfer Station,McKenzie Bridge Transfer Station,Government,55805 Mckenzie Hwy,Blue River,OR,97413.0,Lane,541-682-4342,,,,,,,,,Yes,No,No,Yes,Yes,Yes,No,No,No,No,No,No,No,No,No,No,No,No,No,,,,,,,,,,,,,,44.1766481,-122.1934333
148,Transfer Station,Oakridge Transfer Station,Government,48977 Kitson Springs Rd.,Oakridge,OR,97463.0,Lane,541-682-4342,,No,No,No,9:00AM-5:00PM,9:00AM-5:00PM,9:00AM-5:00PM,9:00AM-5:00PM,Yes,No,No,Yes,Yes,Yes,No,No,No,No,No,No,No,No,No,No,No,No,No,,,,,,,,,,,,,,43.72676,-122.4369233
149,Transfer Station,Rattlesnake Transfer Station,Government,82572 Rattlesnake Rd (Off Hwy. 58),Dexter,OR,97431.0,Lane,541-682-3773,http://www.lanecounty.org/business/recycling_and_waste,No,No,No,9:00AM-5:00PM,9:00AM-5:00PM,9:00AM-5:00PM,9:00AM-5:00PM,,,,,,,,,,,,,,,,,,,,,,,,,,,,,,,,,43.9088745,-122.8526382
150,Transfer Station,Rexius Transfer Station,Private,120 Hwy 99,Eugene,OR,97402.0,Lane,541-342-1835,https://www.lanecountyor.gov/cms/one.aspx?pageId=15645045,8:00AM-5:00PM,8:00AM-6:00PM,8:00AM-6:00PM,8:00AM-6:00PM,8:00AM-6:00PM,8:00AM-6:00PM,8:00AM-6:00PM,,,,,,,,,,,,,,,,,,,,,,,,,,,,,,,,,44.0577201,-123.1328506
151,Transfer Station,Sharps Creek Transfer Station,Government,74540 Sharps Creek Rd,Culp Creek,OR,97427.0,Lane,541-682-3773,,,,,,,,,,,,,,,,,,,,,,,,,,,,,,,,,,,,,,,,,43.6330397,-122.7789263
152,Transfer Station,Swisshome Transfer Station,Government,13711 Highway 36 ,Swisshome,OR,97480.0,Lane,541-682-3773,,,,,,,,,Yes,No,No,Yes,Yes,Yes,No,No,No,No,No,No,No,No,No,No,No,No,No,,,,,,,,,,,,,,44.076607,-123.803453
153,Transfer Station,Veneta Transfer Station,Government,24444 Bolton Hill Rd,Veneta,OR,97487.0,Lane,541-682-3773,http://www.lanecounty.org/business/recycling_and_waste,No,8:00AM-6:00PM,8:00AM-6:00PM,8:00AM-6:00PM,8:00AM-6:00PM,8:00AM-6:00PM,8:00AM-6:00PM,Yes,No,No,Yes,Yes,Yes,No,No,No,No,No,No,No,No,No,No,No,No,No,,,,,,,,,,,,,,44.030976,-123.368727
154,Transfer Station,Vida-Leaburg Transfer Station,Government,44041 Canal Ln (Off Hwy. 126),Leaburg,OR,97489.0,Lane,541-682-4342,http://www.lanecounty.org/business/recycling_and_waste,No,No,No,9:00AM-5:00PM,9:00AM-5:00PM,9:00AM-5:00PM,9:00AM-5:00PM,,,,,,,,,,,,,,,,,,,,,,,,,,,,,,,,,44.1262619,-122.631739
155,Transfer Station,Walton Transfer Station,Government,18585 Transformer Rd.,Walton,OR,97490.0,Lane,541-682-3773,http://www.lanecounty.org/business/recycling_and_waste,No,8:00AM-6:00PM,8:00AM-6:00PM,8:00AM-6:00PM,8:00AM-6:00PM,8:00AM-6:00PM,8:00AM-6:00PM,Yes,No,No,Yes,Yes,Yes,No,No,No,No,No,No,No,No,No,No,No,No,No,,,,,,,,,,,,,,44.032051,-123.602547
156,Transfer Station,Ecosort Material Recovery Facility,Private,3425 E 17Th Ave,Eugene,OR,97403.0,Lane,541-726-7552,http://www.ecosort.com/,No,8:00AM-5:00PM,8:00AM-5:00PM,8:00AM-5:00PM,8:00AM-5:00PM,8:00AM-5:00PM,No,,,,,,,,,,,,,,,,,,,,,,,,,,,,,,,,,44.040695,-123.043499
157,Transfer Station,Lane Apex Disposal Service,Government,2399 Highway 99 N,Eugene,OR,97404.0,Lane,541-607-2042,https://www.heyapex.com/,No,8:00AM-4:00PM,8:00AM-4:00PM,8:00AM-4:00PM,8:00AM-4:00PM,8:00AM-4:00PM,No,,,,,,,,,,,,,,,,,,,,,,,,,,,,,,,,,44.09315480000001,-123.1613098
158,Transfer Station,"McKenzie Recycling, Inc.",Private,110 North Cleveland St.,Eugene,OR,97402.0,Lane,541-688-5622,http://www.royalrefuseservice.com/page/services/,,,,,,,,Yes,No,No,No,Yes,Yes,Yes,Yes,Yes,Yes,Yes,Yes,Yes,No,No,No,No,No,No,,,,,,,,,,,,,,44.061936,-123.12849
159,Waste Tire Facility,Reed's Fuel and Trucking,Private,4100 Commercial Ave,Springfield,OR,97478.0,Lane,541-746-6535,https://www.reedsfuel.com/,,,,,,,,No,No,No,No,No,No,No,No,No,No,No,No,No,No,No,No,No,No,Yes,,,,,,,,,,,,,,44.1276604,-123.0553618
160,Waste Tire Facility,"The Big ""B"" Tire Store, Inc.",Private,3709 Franklin Blvd,Eugene ,OR,97403.0,Lane,541-746-4193,http://www.bigbtirestore.com/,10:00AM-5:00PM,8:00AM-6:00PM,8:00AM-6:00PM,8:00AM-6:00PM,8:00AM-6:00PM,8:00AM-6:00PM,8:00AM-6:00PM,No,No,No,No,No,No,No,No,No,No,No,No,No,No,No,No,No,No,Yes,,,,,,,,,,,,,,44.042479,-123.030446
161,Landfill,GP-Toledo Mill Landfill,Private,1 Butler Bridge Rd (Near Sunnyridge Rd),Toledo,OR,97391.0,Lincoln,541-336-8041,http://www.gp.com/,,,,,,,,No,No,No,No,No,No,No,No,No,No,No,No,No,No,No,No,No,No,No,,,,,,,,,,,,,,44.6107634,-123.9338748
162,Recycling Center,G-P Toledo MRF,Private,1400 Se Butler Bridge Road,Toledo,OR,97391.0,Lincoln,541-336-8318,,,,,,,,,No,No,No,No,No,No,Yes,Yes,Yes,Yes,Yes,Yes,Yes,,,,,No,No,,,,,,,,,,,,,,44.6124148,-123.9317651
163,Transfer Station,Schooner Creek Private Transfer Station,Private,288 S Anderson Creek Rd,Lincoln City,OR,97367.0,Lincoln,541-994-5555,,No,8:00AM-4:00PM,8:00AM-4:00PM,8:00AM-4:00PM,8:00AM-4:00PM,8:00AM-4:00PM,8:00AM-4:00PM,,,,,,,,,,,,,,,,,,,,,,,,,,,,,,,,,44.9320981,-123.9747456
164,Transfer Station,Schooner Creek Public Transfer Station,Private,367 S Anderson Creek Rd,Lincoln City,OR,97367.0,Lincoln,541-994-5555,,No,8:00AM-4:00PM,8:00AM-4:00PM,8:00AM-4:00PM,8:00AM-4:00PM,8:00AM-4:00PM,8:00AM-4:00PM,,,,,,,,,,,,,,,,,,,,,,,,,,,,,,,,,44.9320981,-123.9747456
165,Transfer Station,South Lincoln Recycle & Transfer Station,Private,3300 Crestline Drive,Waldport,OR,97394.0,Lincoln,541-336-2932,http://www.dahldisposalservice.com/,No,9:00AM-4:00PM,9:00AM-4:00PM,9:00AM-4:00PM,9:00AM-4:00PM,9:00AM-4:00PM,9:00AM-4:00PM,Yes,No,No,Yes,Yes,Yes,No,No,No,No,No,No,No,No,No,No,No,No,No,,,,,,,,,,,,,,44.40511050000001,-124.0660599
166,Transfer Station,Thompson's Transfer and Disposal Inc.,Private,8096 Ne Avery St.,Newport,OR,97365.0,Lincoln,541-265-5434,https://www.thompsonsanitary.com/,No,8:00AM-4:00PM,8:00AM-4:00PM,8:00AM-4:00PM,8:00AM-4:00PM,8:00AM-4:00PM,No,,,,,,,,,,,,,,,,,,,,,,,,,,,,,,,,,44.69539,-124.0606047
167,Transfer Station,Toledo Transfer Station,Private,"Sec04,T11S,R10W",Toledo,OR,97391.0,Lincoln,541-336-2932,http://www.dahldisposalservice.com/,No,9:00AM-4:30PM,9:00AM-4:30PM,9:00AM-4:30PM,9:00AM-4:30PM,9:00AM-4:30PM,9:00AM-4:30PM,Yes,No,Yes,Yes,Yes,Yes,Yes,Yes,Yes,Yes,Yes,Yes,Yes,No,No,No,No,No,Yes,,,,,,,,,,,,,,44.6314964,-123.9530486
168,Compost Facility,Ground-Up Soil Compost Facility,Private,41389 Highway 226,Scio,OR,97374.0,Linn,503-769-2057,http://groundupsoil.com/,No,9:00AM-4:00PM,9:00AM-4:00PM,9:00AM-4:00PM,9:00AM-4:00PM,9:00AM-12:00PM,No,No,No,No,Yes,No,No,No,No,No,No,No,No,No,No,No,No,No,No,No,,,,,,,,,,,,,,44.7297535,-122.7683758
169,Compost Facility,Stalford Seed Farms,Private,1/4 Mile N Of 30737 Green Valley Rd,Shedd,OR,97377.0,Linn,541-926-4611,,,,,,,,,No,No,No,Yes,No,No,No,No,No,No,No,No,No,No,No,No,No,No,No,,,,,,,,,,,,,,,
170,Landfill,Cedar Mill Road Landfill,Private,40580 Cedar Mill Road ,Lyons,OR,97358.0,Linn,503-859-2121,,,,,,,,,,,,,,,,,,,,,,,,,,,,,,,,,,,,,,,,,44.7593127,-122.5537748
171,Recycling Center,Divert Albany Processing Facility,Private,950 Se Jackson St,Albany,OR,97322.0,Linn,978-341-5417,,,,,,,,,No,No,No,No,No,No,Yes,Yes,Yes,Yes,Yes,Yes,Yes,,,,,No,No,,,,,,,,,,,,,,42.6525793,-73.7562317
172,Transfer Station,Lebanon Transfer Station,Private,33370 Brewster Rd.,Lebanon,OR,97355.0,Linn,541-745-5792 ext. 22,http://media.republicservices.com/2013-05-22-Republic-Services-Opens-New-Landfill-And-Transfer-Station,8:00AM-4:00PM,No,No,No,Closed,No,8:00AM-4:00PM,No,No,No,No,No,No,No,No,No,No,No,No,No,No,No,No,No,No,No,,,,,,,,,,,,,,44.5461548,-122.8769216
173,Transfer Station,Sweet Home Sanitation Transfer Station,Private,1325 18Th Ave.,Sweet Home,OR,97386.0,Linn,541-367-2535,http://www.sweethomesanitation.com/,No,No,10:00AM-4:30PM,10:00AM-4:30PM,10:00AM-4:30PM,10:00AM-4:30PM,10:00AM-4:30PM,Yes,Yes,No,Yes,Yes,Yes,Yes,Yes,Yes,Yes,Yes,Yes,Yes,No,No,No,No,No,Yes,,,,,,,,,,,,,,44.3995787,-122.7228803
174,Landfill,Lytle Boulevard Landfill,Government,"Sec 36, T20S, R45E",Vale,OR,97918.0,Malheur,541-473-5186),,No,No,1:00-5:00PM,No,1:00-5:00PM,No,9:00AM-5:00PM,Yes,No,No,No,Yes,Yes,No,No,No,No,No,No,No,Yes,Yes,No,No,No,Yes,,,,,,,,,,,,,,43.87865439999999,-117.1513137
175,Transfer Station,Ontario Sanitary Service Transfer Station,Private,1108 Se 6Th Street,Ontario,OR,97914.0,Malheur,541-889-5719,http://ontariosanitary.net/,No,8:00AM-4:00PM,8:00AM-4:00PM,8:00AM-4:00PM,8:00AM-4:00PM,8:00AM-4:00PM,No,Yes,No,No,Yes,Yes,Yes,Yes,Yes,Yes,Yes,Yes,Yes,Yes,No,No,No,No,No,Yes,,,,,,,,,,,,,,44.0160885,-116.9571161
176,Transfer Station,Ontario Sanitary Service Transfer Station,Private,1108 Se 6Th Street,Ontario,OR,97914.0,Malheur,541-889-5719,http://ontariosanitary.net/,No,8:00AM-4:00PM,8:00AM-4:00PM,8:00AM-4:00PM,8:00AM-4:00PM,8:00AM-4:00PM,No,Yes,No,No,Yes,Yes,Yes,Yes,Yes,Yes,Yes,Yes,Yes,Yes,No,No,No,No,No,Yes,,,,,,,,,,,,,,44.0160885,-116.9571161
177,Compost Facility,Recology NW Greenlands-Aumsville,Private,8712 Aumsville Hwy,Salem,OR,97317.0,Marion,415-875-1000,,No,8:00AM-5:00PM,8:00AM-5:00PM,8:00AM-5:00PM,8:00AM-5:00PM,8:00AM-5:00PM,No,No,No,No,Yes,No,No,No,No,No,No,No,No,No,No,No,No,No,No,No,,,,,,,,,,,,,,44.8533592,-122.8790512
178,Compost Facility,Annen Bros. Composting,Private,14358 Dominic Road,Mt. Angel,OR,97362.0,Marion,503-634-2589,,,,,,,,,No,No,No,Yes,No,No,No,No,No,No,No,No,No,No,No,No,No,No,No,,,,,,,,,,,,,,45.08262,-122.7269966
179,Compost Facility,Brown's Island Compost Facility,Government,2895 Faragate St South,Salem,OR,97302.0,Marion,503-365-3147,,,,,,,,,No,No,No,Yes,No,No,No,No,No,No,No,No,No,No,No,No,No,No,No,,,,,,,,,,,,,,37.5338987,-77.4409739
180,Compost Facility,Willamette Landscape Supply Compost Facility,Private,3425 Blossom Dr Ne,Salem,OR,97305.0,Marion,503-393-6662,,No,8:00AM-4:00PM,8:00AM-4:00PM,8:00AM-4:00PM,8:00AM-4:00PM,8:00AM-4:00PM,8:00AM-4:00PM,No,No,No,Yes,No,No,No,No,No,No,No,No,No,No,No,No,No,No,No,,,,,,,,,,,,,,44.99443369999999,-122.9906585
181,Landfill,Brown's Island Demolition Landfill,Government,2895 Faragate Street South,Salem,OR,97302.0,Marion,503-365-3147,,,,,,,,,No,No,No,No,Yes,Yes,No,No,No,No,No,No,No,No,No,No,No,No,No,,,,,,,,,,,,,,44.9231244,-123.0888998
182,Landfill,Salem Airport Disposal Site,Government,"Sec 1, T8S, R3W",Salem,OR,97301.0,Marion,503-588-6044,http://www.co.marion.or.us/PW/ES/disposal/Pages/skrts.aspx,8:00AM-5:00PM,8:00AM-5:00PM,8:00AM-5:00PM,8:00AM-5:00PM,8:00AM-5:00PM,8:00AM-5:00PM,8:00AM-5:00PM,Yes,No,No,No,Yes,Yes,No,No,No,No,No,No,No,Yes,Yes,No,No,No,No,,,,,,,,,,,,,,44.9428975,-123.0350963
183,Landfill,North Marion County Disposal Facility,Government,17827 Whitney Ln Ne,Woodburn,OR,97071.0,Marion,503-365-3147,https://www.co.marion.or.us/PW/ES/disposal/Pages/nmrts.aspx,8:00AM-5:00PM,8:00AM-5:00PM,8:00AM-5:00PM,8:00AM-5:00PM,8:00AM-5:00PM,8:00AM-5:00PM,8:00AM-5:00PM,,,,,,,,,,,,,,,,,,,,,,,,,,,,,,,,,45.1782989,-122.8569336
184,Recycling Center,Marion Resource Recovery Fac,Government,3680 Brooklake Rd Ne,Salem,OR,97303.0,Marion,503-390-4000,,,,,,,,,No,No,No,No,No,No,Yes,Yes,Yes,Yes,Yes,Yes,Yes,,,,,No,No,,,,,,,,,,,,,,45.048768,-122.9850126
185,Transfer Station,Covanta Marion Inc.,Private,4850 Brooklake Road Ne,Brooks,OR,97305.0,Marion,503-393-0890,https://www.covanta.com/,No,7:00AM-4:00PM,7:00AM-4:00PM,7:00AM-4:00PM,7:00AM-4:00PM,7:00AM-4:00PM,No,,,,,,,,,,,,,,,,,,,,,,,,,,,,,,,,,45.04828639999999,-122.9631424
186,Transfer Station,Construction Waste Processing and Transfer Center,Government,3121-3131 Airway Dr Se,Salem,OR,97302.0,Marion,503-588-6647,http://www.co.marion.or.us/PW/ES/disposal/Pages/skrts.aspx,8:00AM-5:00PM,8:00AM-5:00PM,8:00AM-5:00PM,8:00AM-5:00PM,8:00AM-5:00PM,8:00AM-5:00PM,8:00AM-5:00PM,,,,,,,,,,,,,,,,,,,,,,,,,,,,,,,,,44.895965,-122.9392383
187,Transfer Station,Gaffin Road Transfer Station,Private,3250 Deer Park Rd Se,Salem,OR,97301.0,Marion,503-363-8890,http://www.co.marion.or.us/PW/ES/disposal/Pages/skrts.aspx,8:00AM-5:00PM,8:00AM-5:00PM,8:00AM-5:00PM,8:00AM-5:00PM,8:00AM-5:00PM,8:00AM-5:00PM,8:00AM-5:00PM,,,,,,,,,,,,,,,,,,,,,,,,,,,,,,,,,44.895965,-122.9392383
188,Transfer Station,Marion County Hshld HW Coll Fac,Government,"3230 Deer Park Drive, Se",Salem,OR,97301.0,Marion,503-365-3147,,,,,,,,,,,,,,,,,,,,,,,,,,,,,,,,,,,,,,,,,44.9000125,-122.9399415
189,Transfer Station,North Marion County Recycling &Transfer Station,Government,17827 Whitney Ln Ne,Woodburn,OR,97071.0,Marion,503-365-3147,https://www.co.marion.or.us/PW/ES/disposal/Pages/nmrts.aspx,8:00AM-5:00PM,8:00AM-5:00PM,8:00AM-5:00PM,8:00AM-5:00PM,8:00AM-5:00PM,8:00AM-5:00PM,8:00AM-5:00PM,,,,,,,,,,,,,,,,,,,,,,,,,,,,,,,,,45.1782989,-122.8569336
190,Transfer Station,Woodburn Recycle Center & TS,Private,2215 N Front St,Woodburn,OR,97071.0,Marion,503.404.4145,,,,,,,,,,,,,,,,,,,,,,,,,,,,,,,,,,,,,,,,,45.1550543,-122.8417231
191,Transfer Station,American Gypsum Recycling,Private,12451 Duck Flat Road Se,Turner,OR,97392.0,Marion,971-413-4992,http://americangypsumrecycling.com/,No,7:00AM-5:00PM,7:00AM-5:00PM,7:00AM-5:00PM,7:00AM-5:00PM,7:00AM-5:00PM,No,,,,,,,,,,,,,,,,,,,,,,,,,,,,,,,,,44.7751998,-122.9396438
192,Compost Facility,Novus Pacific,Private,71419 East Columbia,Boardman,OR,97818.0,Morrow,FAX 952-345-1053,,,,,,,,,No,No,No,Yes,No,No,No,No,No,No,No,No,No,No,No,No,No,No,No,,,,,,,,,,,,,,45.84658719999999,-119.6585171
193,Compost Facility,Klean Industries Boardman LLC,Private,71722 Ne Columbia Avenue,Boardman,OR,97844.0,Morrow,514-437-2966,,,,,,,,,No,No,No,Yes,No,No,No,No,No,No,No,No,No,No,No,No,No,No,No,,,,,,,,,,,,,,45.8411009,-119.7073089
194,Landfill,Finley Buttes Regional Landfill,Private,73221 Bombing Range Road,Boardman,OR,97818.0,Morrow,541-965-1339,http://www.finleybutteslandfill.com/,No,7:30AM-3:30PM,7:30AM-3:30PM,7:30AM-3:30PM,7:30AM-3:30PM,7:30AM-3:30PM,No,Yes,No,No,Yes,Yes,Yes,No,No,No,No,No,No,No,Yes,Yes,No,No,No,Yes,,,,,,,,,,,,,,45.793929,-119.623268
195,Transfer Station,North Morrow County Transfer Station,Government,69900 Frontage Lane,Boardman,OR,97818.0,Morrow,541-989-9500,http://www.co.morrow.or.us/publicworks/page/solid-waste-magement,9:00AM-4:00PM,No,No,No,Closed,No,9:00AM-4:00PM,,,,,,,,,,,,,,,,,,,,,,,,,,,,,,,,,45.8326055,-119.6217055
196,Transfer Station,South Morrow Transfer Station,Government,Lexington/Heppner Hwy 74 ,Lexington,OR,97839.0,Morrow,541-989-9500,https://www.wm.com/,No,7:00AM-5:00PM,7:00AM-5:00PM,7:00AM-5:00PM,7:00AM-5:00PM,7:00AM-5:00PM,7:00AM-12:00PM,Yes,No,No,Yes,Yes,Yes,Yes,Yes,Yes,Yes,Yes,Yes,Yes,No,No,No,No,No,Yes,,,,,,,,,,,,,,45.8326055,-119.6217055
197,Waste Tire Facility,Klean Industries Boardman LLC,Private,71722 Ne Columbia Avenue,Boardman,OR,97844.0,Morrow,514-437-2966,,,,,,,,,,,,,,,,,,,,,,,,,,,,,,,,,,,,,,,,,45.8411009,-119.7073089
198,Compost Facility,Allwood Recyclers Inc.,Private,23001 Ne Marine Dr,Fairview,OR,97024.0,Multnomah,503-667-5497,http://www.allwoodrecyclersinc.com/,No,7:30AM-5:00PM,7:30AM-5:00PM,7:30AM-5:00PM,7:30AM-5:00PM,7:30AM-5:00PM,9:00AM-4:00PM,No,No,No,Yes,No,No,No,No,No,No,No,No,No,No,No,No,No,No,No,,,,,,,,,,,,,,45.5547967,-122.4271947
199,Compost Facility,Sunderland Recycling Facility - City of Portland,Government,9325 Ne Sunderland Ave,Portland,OR,97211.0,Multnomah,503-823-4409,https://www.portlandoregon.gov/transportation/article/319723,No,7:00AM-2:30PM,7:00AM-2:30PM,7:00AM-2:30PM,7:00AM-2:30PM,7:00AM-2:30PM,No,No,No,No,Yes,No,No,No,No,No,No,No,No,No,No,No,No,No,No,No,,,,,,,,,,,,,,45.5910263,-122.6366043
200,Landfill,Columbia Blvd WWTP Lagoon Solids Monofill,Government,5001 N. Columbia Blvd.,Portland,OR,97203.0,Multnomah,503-823-2437,https://www.portlandoregon.gov/bes/58744,No,7:30AM-4:00PM,7:30AM-4:00PM,7:30AM-4:00PM,7:30AM-4:00PM,7:30AM-4:00PM,No,,,,,,,,,,,,,,,,,,,,,,,,,,,,,,,,,45.5964869,-122.7192055
201,Landfill,Esco Sauvie Island,Private,Gillihan Lp Rd & Alder Crk Lumber Rd,Portland,OR,97231.0,Multnomah,503-778-6477,,,,,,,,,,,,,,,,,,,,,,,,,,,,,,,,,,,,,,,,,45.5056667,-122.6623348
202,Recycling Center,CORE Recycling,Government,4530 Ne 138Th Avenue,Portland,OR,97230.0,Multnomah,503-285-9940,http://www.cityofrosesdisposal.com/,No,7:00AM-3:00PM,7:00AM-3:00PM,7:00AM-3:00PM,7:00AM-3:00PM,7:00AM-3:00PM,7:00AM-12:00PM,No,No,No,No,No,No,Yes,Yes,Yes,Yes,Yes,Yes,Yes,,,,,No,No,,,,,,,,,,,,,,45.55452340000001,-122.5170745
203,Recycling Center,Environmentally Conscious Recycling-ECR,Private,12409 Ne San Rafael,Portland,OR,97230.0,Multnomah,503-253-0867,http://www.ecrrecycling.com/,9:00AM-5:00PM,7:00AM-6:00PM,7:00AM-6:00PM,7:00AM-6:00PM,7:00AM-6:00PM,7:00AM-6:00PM,8:00AM-6:00PM,No,No,No,No,No,No,Yes,Yes,Yes,Yes,Yes,Yes,Yes,,,,,No,No,,,,,,,,,,,,,,45.5381631,-122.5362284
204,Recycling Center,Foster Road Recovery Facility,Private,6400 Se 101St Ave,Portland,OR,97266.0,Multnomah,503-285-8777,https://www.recology.com/recology-portland/foster-road-material-recovery-facility/,,,,,,,,No,No,No,No,No,No,Yes,Yes,Yes,Yes,Yes,Yes,Yes,,,,,No,No,,,,,,,,,,,,,,45.4726472,-122.5603459
205,Recycling Center,Suttle Road Recovery Facility,Private,4044 N Suttle Rd,Portland,OR,97217.0,Multnomah,503-285-8777,http://www.recologyoregonmaterialrecovery.com/,No,6:00AM-4:00PM,6:00AM-4:00PM,6:00AM-4:00PM,6:00AM-4:00PM,6:00AM-4:00PM,No,No,No,No,No,No,No,Yes,Yes,Yes,Yes,Yes,Yes,Yes,,,,,No,No,,,,,,,,,,,,,,45.6137652,-122.7092633
206,Recycling Center,Urban Gypsum,Private,8823 N Harborgate,Portland,OR,97203.0,Multnomah,503.232.6130,http://www.urbangypsum.com/,No,6:30AM-3:30PM,6:30AM-3:30PM,6:30AM-3:30PM,6:30AM-3:30PM,6:30AM-3:30PM,6:30AM-2:00PM,No,No,No,No,No,No,Yes,Yes,Yes,Yes,Yes,Yes,Yes,,,,,No,No,,,,,,,,,,,,,,45.6213572,-122.7683243
207,Recycling Center,WasteXpress,Private,11618 N Lombard St,Portland,OR,97203.0,Multnomah,503-224-3206,https://wastex16342.activehosted.com/f/13,No,8:00AM-5:00PM,8:00AM-5:00PM,8:00AM-5:00PM,8:00AM-5:00PM,8:00AM-5:00PM,No,No,No,No,No,No,No,Yes,Yes,Yes,Yes,Yes,Yes,Yes,,,,,No,No,,,,,,,,,,,,,,45.6102072,-122.7683354
208,Transfer Station,Gresham Sanitary Service,Private,2131 Nw Birdsdale Ave,Gresham,OR,97030.0,Multnomah,503-665-2424,http://www.greshamsanitary.com/,No,8:00AM-4:30PM,8:00AM-4:30PM,8:00AM-4:30PM,8:00AM-4:30PM,8:00AM-4:30PM,No,,,,,,,,,,,,,,,,,,,,,,,,,,,,,,,,,45.5121208,-122.4552738
209,Transfer Station,PPV Inc.,Private,4927 Nw Front Ave,Portland,OR,97210.0,Multnomah,503-261-9800,http://www.ppvnw.com/,No,7:00AM-5:00PM,7:00AM-5:00PM,7:00AM-5:00PM,7:00AM-5:00PM,7:00AM-5:00PM,No,,,,,,,,,,,,,,,,,,,,,,,,,,,,,,,,,45.5572013,-122.7306976
210,Transfer Station,CORE Recycling,Government,5726 Ne 109Th Ave,Portland,OR,97220.0,Multnomah,503-285-9940,http://www.cityofrosesdisposal.com/,No,7:00AM-3:00PM,7:00AM-3:00PM,7:00AM-3:00PM,7:00AM-3:00PM,7:00AM-3:00PM,7:00AM-12:00PM,,,,,,,,,,,,,,,,,,,,,,,,,,,,,,,,,45.55452340000001,-122.5170745
211,Transfer Station,Greenway Recycling,Private,4135 Nw St Helens Rd,Portland,OR,97210.0,Multnomah,503-793-9238,http://www.recyclegreenway.com/,No,4:00AM-5:00PM,4:00AM-5:00PM,4:00AM-5:00PM,4:00AM-5:00PM,4:00AM-5:00PM,8:00AM-12:00PM,,,,,,,,,,,,,,,,,,,,,,,,,,,,,,,,,45.5522599,-122.7315403
212,Transfer Station,Metro Central Transfer Station,Government,6161 Nw 61St Ave,Portland,OR,97210.0,Multnomah,503-234-3000,https://www.oregonmetro.gov/tools-living/garbage-and-recycling/garbage-recycling-hazardous-waste-disposal-portland,8:00AM-5:00PM,8:00AM-5:00PM,8:00AM-5:00PM,8:00AM-5:00PM,8:00AM-5:00PM,8:00AM-5:00PM,8:00AM-5:00PM,Yes,No,Yes,Yes,Yes,Yes,No,No,No,No,No,No,No,No,No,No,No,No,Yes,,,,,,,,,,,,,,45.5677488,-122.7474821
213,Transfer Station,Troutdale Transfer Station,Private,869 Nw Eastwind Dr,Troutdale,OR,97060.0,Multnomah,503-666-2896,http://crownpointrefuse.com/,,,,,,,,No,No,No,No,No,No,No,No,No,No,No,No,No,No,No,No,No,No,No,,,,,,,,,,,,,,,
214,Waste Tire Facility,McLean Landscaping - Maintenance,Private,1230 Sw Freeman St,Portland,OR,97219.0,Multnomah,503-977-2057,http://davemcleanlandscaping.com/,No,8:00AM-4:00PM,8:00AM-4:00PM,8:00AM-4:00PM,8:00AM-4:00PM,8:00AM-4:00PM,No,No,No,No,No,No,No,No,No,No,No,No,No,No,No,No,No,No,No,Yes,,,,,,,,,,,,,,45.46551290000001,-122.7116752
215,Waste Tire Facility,Waste Management of Oregon,Private,7227 Ne 55Th Ave,Portland,OR,97218.0,Multnomah,503-493-7879,https://www.wm.com/store/portland-dumpster-rental.jsp,No,"8:00-11:30AM,12:30-4:00PM","8:00-11:30AM,12:30-4:00PM","8:00-11:30AM,12:30-4:00PM","8:00-11:30AM,12:30-4:00PM","8:00-11:30AM,12:30-4:00PM",No,No,No,No,No,No,No,No,No,No,No,No,No,No,No,No,No,No,No,Yes,,,,,,,,,,,,,,45.5750587,-122.6071501
216,Waste Tire Facility,Columbia Recycling PDX,Private,11402 Ne Marx St,Portland,OR,97220.0,Multnomah,,https://www.columbiarecyclingpdx.com/,No,8:30AM-5:30PM,8:30AM-5:30PM,8:30AM-5:30PM,8:30AM-5:30PM,8:30AM-5:30PM,8:00AM-4:30PM,No,No,No,No,No,No,No,No,No,No,No,No,No,No,No,No,No,No,Yes,,,,,,,,,,,,,,45.5596124,-122.5448995
217,Waste Tire Facility,"RB Recycling, Inc.",Private,9945 N Burgard Way,Portland,OR,97203.0,Multnomah,503-201-3638,https://www.oregonmetro.gov/tools-living/garbage-and-recycling/find-a-recycler/recyclers/343,,,,,,,,No,No,No,No,No,No,No,No,No,No,No,No,No,No,No,No,No,No,Yes,,,,,,,,,,,,,,45.6134073,-122.7786461
218,Waste Tire Facility,"Tire Disposal and Recycling, Inc.",Private,9333 N Harborgate St,Portland,OR,97203.0,Multnomah,503-240-1919,http://tiredisposal-recycling.com/,No,8:00AM-4:00PM,8:00AM-4:00PM,8:00AM-4:00PM,8:00AM-4:00PM,8:00AM-4:00PM,No,No,No,No,No,No,No,No,No,No,No,No,No,No,No,No,No,No,No,Yes,,,,,,,,,,,,,,45.621887,-122.7739201
219,Compost Facility,Rod Mclellan Company,Private,6500 Hanna Rd,Independence,OR,97351.0,Polk,503-838-2811,,,,,,,,,No,No,No,Yes,No,No,No,No,No,No,No,No,No,No,No,No,No,No,No,,,,,,,,,,,,,,44.8626511,-123.161343
220,Transfer Station,Sherman County Transfer Station,Private,"Off Welk Rd, Near Biggs Junction",Biggs,OR,97823.0,Sherman,541-386-2272,https://pilotflyingj.com/stores/195,24 hours,24 hours,24 hours,24 hours,24 hours,24 hours,24 hours,Yes,No,No,No,No,No,No,No,No,No,No,No,No,No,No,No,No,No,No,,,,,,,,,,,,,,45.66009409999999,-120.8400448
221,Waste Tire Facility,Oregon Raceway Park,Private,93811 Blagg Lane,Grass Valley,OR,97029.0,Sherman,503-292-5410,http://oregonraceway.com/,,,,,,,,No,No,No,No,No,No,No,No,No,No,No,No,No,No,No,No,No,No,Yes,,,,,,,,,,,,,,45.3641908,-120.742466
222,Compost Facility,Port of Tillamook Bay Manure Digester Hangar Pad A,Government,6018 Hangar A Rd,Tillamook,OR,97141.0,Tillamook,503-842-2413,,,,,,,,,No,No,No,Yes,No,No,No,No,No,No,No,No,No,No,No,No,No,No,No,,,,,,,,,,,,,,45.4257731,-123.8004678
223,Compost Facility,"Dairy Compost, Inc.",Private,6020 Hanger Rd,Tillamook,OR,97141.0,Tillamook,503-801-3191,,,,,,,,,No,No,No,Yes,No,No,No,No,No,No,No,No,No,No,No,No,No,No,No,,,,,,,,,,,,,,45.4141767,-123.8031241
224,Landfill,POTB Wood Waste Landfill,Government,4000 Blimp Blvd,Tillamook,OR,97141.0,Tillamook,503-842-2413,,,,,,,,,,,,,,,,,,,,,,,,,,,,,,,,,,,,,,,,,45.4259312,-123.8004805
225,Transfer Station,Don Averill Waste Transfer Station,Private,6440 Blimp Rd,Tillamook,OR,97141.0,Tillamook,,http://www.co.tillamook.or.us/gov/SolidWaste/TransferStations.htm,No,8:00AM-4:00PM,8:00AM-4:00PM,8:00AM-4:00PM,8:00AM-4:00PM,8:00AM-4:00PM,8:00AM-4:00PM,,,,,,,,,,,,,,,,,,,,,,,,,,,,,,,,,45.4168823,-123.8037824
226,Transfer Station,Pacific City Transfer Station,Government,S Brooten Rd,Pacific City,OR,97135.0,Tillamook,503-815-3975,http://www.co.tillamook.or.us/gov/SolidWaste/TransferStations.htm,1:00-4:00PM,9:00AM-4:00PM,No,No,Closed,9:00AM-4:00PM,9:00AM-4:00PM,Yes,No,No,No,No,No,No,No,No,No,No,No,No,No,No,No,No,No,No,,,,,,,,,,,,,,45.18124040000001,-123.9298751
227,Transfer Station,Manzanita Transfer Station,Government,34995 Necarney City Road,Manzanita,OR,97130.0,Tillamook,503-815-3975,http://www.co.tillamook.or.us/gov/SolidWaste/TransferStations.htm,10:00AM-4:00PM,No,No,No,10:00AM-4:00PM,10:00AM-4:00PM,10:00AM-4:00PM,Yes,No,No,Yes,Yes,Yes,Yes,Yes,Yes,Yes,Yes,Yes,Yes,No,No,No,No,No,No,,,,,,,,,,,,,,45.7107993,-123.9272516
228,Transfer Station,Tillamook Transfer Station,Government,1315 Eckloff Rd,Tillamook,OR,97141.0,Tillamook,503-815-3975,http://www.co.tillamook.or.us/gov/SolidWaste/TransferStations.htm,No,8:00AM-4:00PM,8:00AM-4:00PM,8:00AM-4:00PM,8:00AM-4:00PM,8:00AM-4:00PM,8:00AM-4:00PM,,,,,,,,,,,,,,,,,,,,,,,,,,,,,,,,,45.41443630000001,-123.8534164
229,Waste Tire Facility,"Don G. Averill Recycling, Inc.",Private,1315 Eckloff Rd,Tillamook,OR,97141.0,Tillamook,503-842-5189,,,,,,,,,No,No,No,No,No,No,No,No,No,No,No,No,No,No,No,No,No,No,Yes,,,,,,,,,,,,,,45.41442869999999,-123.8534164
230,Waste Tire Facility,"Don G. Averill Trucking, Inc.",Private,1500 Main Ave N,Tillamook,OR,97141.0,Tillamook,503-842-5186,,,,,,,,,No,No,No,No,No,No,No,No,No,No,No,No,No,No,No,No,No,No,Yes,,,,,,,,,,,,,,45.46718300000001,-123.8446731
231,Compost Facility,Pendleton Transfer Station Compost Facility,Private,5500 Nw Rieth Rd,Pendleton,OR,97801.0,Umatilla,541-276-1271,http://www.pendletonsanitaryservice.com/,,,,,,,,Yes,No,No,Yes,Yes,Yes,No,No,No,No,No,No,No,Yes,Yes,No,No,No,Yes,,,,,,,,,,,,,,45.67177890000001,-118.8506646
232,Compost Facility,Quality Compost Composting Facility,Private,51856 Seven Hills Rd,Milton-Freewater,OR,97862.0,Umatilla,509-956-6275,,,,,,,,,No,No,No,Yes,No,No,No,No,No,No,No,No,No,No,No,No,No,No,No,,,,,,,,,,,,,,45.9446259,-118.4622638
233,Landfill,Humbert Refuse Landfill,Private,Gerking Flat Rd,Athena,OR,97813.0,Umatilla,541-938-4188,,,,,,,,,,,,,,,,,,,,,,,,,,,,,,,,,,,,,,,,,45.9624595,-118.3903438
234,Landfill,Milton-Freewater Sanitary Landfill,Government, ,Milton-Freewater,OR,97862.0,Umatilla,541-938-8272,,,,,,,,,Yes,No,Yes,Yes,Yes,Yes,No,No,No,No,No,No,No,No,No,No,No,No,Yes,,,,,,,,,,,,,,45.9409497,-118.4033774
235,Landfill,"Pilot Rock Sawmill Landfill (Kinzua Resources, LLC)",Private,One-Half Mile West Of Pilot Rock,Pilot Rock,OR,97850.0,Umatilla,541-953-7866,,,,,,,,,,,,,,,,,,,,,,,,,,,,,,,,,,,,,,,,,45.4898351,-118.8330697
236,Transfer Station,Pendleton Transfer Station,Private,Reith Road,Pendleton,OR,97801.0,Umatilla,541-276-1271,http://www.pendletonsanitaryservice.com/,,,,,,,,Yes,No,No,Yes,Yes,Yes,No,No,No,No,No,No,No,Yes,Yes,No,No,No,Yes,,,,,,,,,,,,,,45.6698668,-118.852351
237,Transfer Station,Sanitary Disposal Transfer Station,Private,Tax Lots 101 And 107,Hermiston,OR,97838.0,Umatilla,541-567-8842,https://hermiston.or.us/solidwaste_home,9:00AM-5:00PM,8:00AM-4:30PM,8:00AM-4:30PM,8:00AM-4:30PM,8:00AM-4:30PM,8:00AM-4:30PM,9:00AM-5:00PM,Yes,No,No,Yes,Yes,Yes,No,No,No,No,No,No,No,No,No,No,No,No,Yes,,,,,,,,,,,,,,45.8851779,-119.3009992
238,Compost Facility,Waste Pro Compost Facility,Private,3412 Highway 30,La Grande,OR,97850.0,Union,541-963-5459,http://www.waste-pro.com/,No,9:00AM-4:30PM,9:00AM-4:30PM,No,9:00AM-4:30PM,9:00AM-4:30PM,9:00AM-4:30PM,No,No,No,Yes,No,No,No,No,No,No,No,No,No,No,No,No,No,No,No,,,,,,,,,,,,,,45.30707899999999,-118.059307
239,Transfer Station,Elgin Transfer Station,Government,Hemlock Road ,Elgin,OR,97827.0,Union,541-437-2253,,,,,,,,,Yes,No,No,Yes,Yes,Yes,No,No,No,No,No,No,No,No,No,No,No,No,No,,,,,,,,,,,,,,42.0354084,-88.2825668
240,Transfer Station,Waste Pro Recovery Transfer Station,Private,Highway 30,La Grande,OR,97850.0,Union,541-963-5459,http://www.waste-pro.com/,No,9:00AM-4:30PM,9:00AM-4:30PM,No,9:00AM-4:30PM,9:00AM-4:30PM,9:00AM-4:30PM,,,,,,,,,,,,,,,,,,,,,,,,,,,,,,,,,45.30707899999999,-118.059307
241,Landfill,Ant Flat Landfill,Government,"Sec 25, T1S, R44E",Enterprise,OR,97828.0,Wallowa,541-426-4543,,,,,,,,,Yes,Yes,No,Yes,Yes,Yes,No,No,No,No,No,No,No,No,No,No,No,No,No,,,,,,,,,,,,,,45.430998,-117.2642313
242,Transfer Station,Joseph Transfer Station,Private,Airport Rd,Joseph,OR,97846.0,Wallowa,541-426-3492,,,,,,,,,Yes,No,No,Yes,Yes,Yes,No,No,No,No,No,No,No,No,No,No,No,No,No,,,,,,,,,,,,,,45.3511058,-117.2302359
243,Transfer Station,Lostine Transfer Station,Private,Caudle Lane,Lostine,OR,97857.0,Wallowa,541-426-3492,,,,,,,,,Yes,No,No,No,No,No,No,No,No,No,No,No,No,No,No,No,No,No,No,,,,,,,,,,,,,,45.4890097,-117.4380178
244,Transfer Station,Wallowa Transfer Station,Private, Hwy 82,Wallowa,OR,97885.0,Wallowa,541-426-3492,,,,,,,,,Yes,No,No,Yes,Yes,Yes,No,No,No,No,No,No,No,No,No,No,No,No,No,,,,,,,,,,,,,,45.5701445,-117.5282416
245,Landfill,Wasco County Landfill,Government,2550 Steele Road,The Dalles,OR,97058.0,Wasco,541-296-4082,http://www.wascocountylandfill.com/,No,8:00AM-2:30PM,8:00AM-2:30PM,8:00AM-2:30PM,8:00AM-2:30PM,8:00AM-2:30PM,No,,,,,,,,,,,,,,,,,,,,,,,,,,,,,,,,,45.5608749,-121.1382446
246,Transfer Station,Antelope Disposal Sites,Government,"Sec 30, T7S, R17E",Antelope,OR,97001.0,Wasco,541-489-3352,,,,,,,,,,,,,,,,,,,,,,,,,,,,,,,,,,,,,,,,,44.9106819,-120.7228172
247,Transfer Station,Shaniko Transfer Station,Government,"2Nd And ""F"" Streets",Shaniko,OR,97057.0,Wasco,541-489-3226,,,,,,,,,Yes,No,No,No,No,No,No,No,No,No,No,No,No,No,No,No,No,No,No,,,,,,,,,,,,,,45.0037364,-120.7522665
248,Transfer Station,The Dalles Transfer Station + Tri-County HHHW Collection Facility,Private,1317 W 1St St,The Dalles,OR,97058.0,Wasco,541-298-5149,http://www.tricountyrecycle.com/maging-my-materials/recycle/recycling-home/recycle-home-wasco-county,No,9:00AM-5:00PM,9:00AM-5:00PM,9:00AM-5:00PM,9:00AM-5:00PM,9:00AM-5:00PM,9:00AM-5:00PM,Yes,No,No,Yes,Yes,Yes,No,No,No,No,No,No,No,No,No,No,No,No,No,,,,,,,,,,,,,,45.6104913,-121.197122
249,Transfer Station,Wasco County Landfill Barge Unloading Facility,Government,2649 River Rd,The Dalles,OR,97058.0,Wasco,5419651339,,,,,,,,,,,,,,,,,,,,,,,,,,,,,,,,,,,,,,,,,45.5608749,-121.1382446
250,Waste Tire Facility,Mosier Tire/Soil Berm,Government,Po Box 456,Mosier,OR,97040.0,Wasco,541-478-3505,,,,,,,,,No,No,No,No,No,No,No,No,No,No,No,No,No,No,No,No,No,No,Yes,,,,,,,,,,,,,,45.6834528,-121.397295
251,Compost Facility,Grimm's Fuel Co.,Private,18850 Sw Cipole Rd,Tualatin,OR,97062.0,Washington,503-636-3623,http://www.grimmsfuel.com/,9:00AM-5:00PM,7:00AM-5:00PM,7:00AM-5:00PM,7:00AM-5:00PM,7:00AM-5:00PM,7:00AM-5:00PM,7:00AM-5:00PM,No,No,No,Yes,No,No,No,No,No,No,No,No,No,No,No,No,No,No,No,,,,,,,,,,,,,,45.3836059,-122.8162002
252,Compost Facility,Recology Organics - North Plains,Private,9570 Nw 307Th Ave,North Plains,OR,97133.0,Washington,503-283-2015,https://www.recology.com/recology-portland/recology-organics-northplains/,No,8:00AM-4:00PM,8:00AM-4:00PM,8:00AM-4:00PM,8:00AM-4:00PM,8:00AM-4:00PM,No,No,No,No,Yes,No,No,No,No,No,No,No,No,No,No,No,No,No,No,No,,,,,,,,,,,,,,45.5893854,-122.9860044
253,Compost Facility,SORT Bioenergy,Private,10295 Sw Ridder Rd,Wilsonville,OR,97070.0,Washington,208-859-8257,,,,,,,,,No,No,No,Yes,No,No,No,No,No,No,No,No,No,No,No,No,No,No,No,,,,,,,,,,,,,,45.3325606,-122.7815644
254,Compost Facility,N2K Berry Farm,Private,29000 Sw Farmington Rd,Hillsboro,OR,97123.0,Washington,971-404-6124,,,,,,,,,No,No,No,Yes,No,No,No,No,No,No,No,No,No,No,No,No,No,No,No,,,,,,,,,,,,,,45.44554,-122.974867
255,Compost Facility,New Earth Farm,Private,11000 Nw Jackson Quarry Rd,Hillsboro,OR,97124.0,Washington,503-913-2641,http://www.newearthfarm.net/,No,No,11:00AM-7:00PM,11:00AM-7:00PM,11:00AM-7:00PM,11:00AM-7:00PM,No,No,No,No,Yes,No,No,No,No,No,No,No,No,No,No,No,No,No,No,No,,,,,,,,,,,,,,45.6005816,-122.9470411
256,Compost Facility,"Northwest Environmental And Recycling, Inc.",Private,1045 N 4Th Ave,Cornelius,OR,97113.0,Washington,503-638-1011,,,,,,,,,No,No,No,Yes,No,No,No,No,No,No,No,No,No,No,No,No,No,No,No,,,,,,,,,,,,,,45.5277818,-123.0669363
257,Landfill,Hillsboro Landfill,Private,3205 Se Minter Bridge Road,Hillsboro,OR,97123.0,Washington,503-331-2239,https://www.wm.com/,No,6:00AM-4:00PM,6:00AM-4:00PM,6:00AM-4:00PM,6:00AM-4:00PM,6:00AM-4:00PM,8:00AM-12:00PM,Yes,No,No,Yes,Yes,Yes,No,No,No,No,No,No,No,Yes,Yes,No,No,No,Yes,,,,,,,,,,,,,,45.4930648,-122.9702682
258,Recycling Center,Aloha Garbage Co.,Private,3755 Sw 205Th Place,Aloha,OR,97007.0,Washington,503-649-3727,,,,,,,,,No,No,No,No,No,No,Yes,Yes,Yes,Yes,Yes,Yes,Yes,,,,,No,No,,,,,,,,,,,,,,45.4934474,-122.8884765
259,Recycling Center,Tualatin Valley Waste Recovery,Private,3215 Se Minter Bridge Rd,Hillsboro,OR,97123.0,Washington,503-331-2221,https://www.wm.com/,No,6:00AM-4:00PM,6:00AM-4:00PM,6:00AM-4:00PM,6:00AM-4:00PM,6:00AM-4:00PM,8:00AM-12:00PM,No,No,No,No,No,No,Yes,Yes,Yes,Yes,Yes,Yes,Yes,,,,,No,No,,,,,,,,,,,,,,45.4969113,-122.9678412
260,Transfer Station,Forest Grove Transfer Station,Private,1525 B St,Forest Grove,OR,97116.0,Washington,503-493-7858,https://www.wm.com/,No,9:00AM-5:00PM,9:00AM-5:00PM,9:00AM-5:00PM,9:00AM-5:00PM,9:00AM-5:00PM,9:00AM-5:00PM,Yes,No,Yes,Yes,Yes,Yes,Yes,Yes,Yes,Yes,Yes,Yes,Yes,No,No,No,No,No,Yes,,,,,,,,,,,,,,45.5138545,-123.1148611
261,Transfer Station,Hillsboro Garbage and Disposal,Private,4945 Sw Minter Bridge Road,Hillsboro,OR,97045.0,Washington,503-648-4219,http://www.hillsborogarbage.com/,No,8:00AM-4:30PM,8:00AM-4:30PM,8:00AM-4:30PM,8:00AM-4:30PM,8:00AM-4:30PM,No,,,,,,,,,,,,,,,,,,,,,,,,,,,,,,,,,45.482891,-122.9843368
262,Transfer Station,Northwest Landscape Services,Private,1800 Ne Cornelius Pass Road,Hillsboro,OR,97124.0,Washington,425-481-0919,http://www.nlswa.com/,,,,,,,,,,,,,,,,,,,,,,,,,,,,,,,,,,,,,,,,45.5329974,-122.8976117
263,Transfer Station,Pride Recycling Company,Private,13910 Sw Tualatin Sherwood Rd,Sherwood,OR,97140.0,Washington,503-625-6177,http://prideshred.com/,No,8:00AM-4:30PM,8:00AM-4:30PM,8:00AM-4:30PM,8:00AM-4:30PM,8:00AM-4:30PM,No,,,,,,,,,,,,,,,,,,,,,,,,,,,,,,,,,45.36675229999999,-122.818503
264,Transfer Station,S&H Recycling,Private,1748 Ne 25Th Ave,Hillsboro,OR,97124.0,Washington,503-638-1011,http://www.shbark.com/,No,7:00AM-4:00PM,7:00AM-4:00PM,7:00AM-4:00PM,7:00AM-4:00PM,7:00AM-4:00PM,No,,,,,,,,,,,,,,,,,,,,,,,,,,,,,,,,,45.5277818,-123.0669363
265,Transfer Station,WRI Willamette Resources Inc TS/MRF,Private,10295 Sw Ridder Rd,Wilsonville,OR,97070.0,Washington,503-570-0626,,,,,,,,,,,,,,,,,,,,,,,,,,,,,,,,,,,,,,,,,45.3329422,-122.7820024
266,Waste Tire Facility,Carothers Tire,Private,235 Sw Oak St,Hillsboro,OR,97123.0,Washington,503-648-7099,https://carotherstire.com/,No,8:30AM-6:00PM,8:30AM-6:00PM,8:30AM-6:00PM,8:30AM-6:00PM,8:30AM-6:00PM,8:30AM-6:00PM,No,No,No,No,No,No,No,No,No,No,No,No,No,No,No,No,No,No,Yes,,,,,,,,,,,,,,45.5192063,-122.9918886
267,Transfer Station,Fossil Solid Waste Transfer Station And Recycling Station,Government,"17487 Black Butte, County Rd 19",Fossil,OR,97830.0,Wheeler,541-763-3460,,,,,,,,,,,,,,,,,,,,,,,,,,,,,,,,,,,,,,,,,39.6445906,-121.5543062
268,Transfer Station,Mitchell Transfer Station And Recycling Station,Government,Hwy 207,Mitchell,OR,97750.0,Wheeler,541-763-4207,,,,,,,,,,,,,,,,,,,,,,,,,,,,,,,,,,,,,,,,,44.5691846,-120.1611935
269,Transfer Station,Spray Solid Waste Transfer Station And Recycling Station,Government, 40337 Kahler Basin Rd,Spray,OR,97874.0,Wheeler,541-763-4207,,,,,,,,,,,,,,,,,,,,,,,,,,,,,,,,,,,,,,,,,44.8822559,-119.7770751
270,Compost Facility,Ecology Composting,Private,14425 Se Wallace Rd,Dayton,OR,97114.0,Yamhill,503-969-9545,,,,,,,,,No,No,No,Yes,No,No,No,No,No,No,No,No,No,No,No,No,No,No,No,,,,,,,,,,,,,,45.1553742,-123.0578543
271,Compost Facility,Recology NW Greenlands McMinnville,Private,Riverbend Rd,Mcminnville,OR,97128.0,Yamhill,503-474-4856,http://www.recologyorganics.com/,No,8:00AM-4:00PM,8:00AM-4:00PM,8:00AM-4:00PM,8:00AM-4:00PM,8:00AM-4:00PM,9:00AM-4:00PM,No,No,No,Yes,No,No,No,No,No,No,No,No,No,No,No,No,No,No,No,,,,,,,,,,,,,,45.2203788,-123.175415
272,Compost Facility,Alderman Farm,Private,14301 Se Wallace Rd,Dayton,OR,97114.0,Yamhill,503-868-7971,,,,,,,,,No,No,No,Yes,No,No,No,No,No,No,No,No,No,No,No,No,No,No,No,,,,,,,,,,,,,,45.15651949999999,-123.0577929
273,Compost Facility,Gordon Farm,Private,13205 Webfoot Rd,Dayton,OR,97114.0,Yamhill,503-868-7971,,,,,,,,,No,No,No,Yes,No,No,No,No,No,No,No,No,No,No,No,No,No,No,No,,,,,,,,,,,,,,45.162599,-123.0864309
274,Compost Facility,"Yamhill County Mushrooms, Inc.",Private,7246 Lilac Hill Rd,Yamhill,OR,97148.0,Yamhill,503-662-4131,,,,,,,,,No,No,No,Yes,No,No,No,No,No,No,No,No,No,No,No,No,No,No,No,,,,,,,,,,,,,,45.3735037,-123.1890172
275,Landfill,Riverbend Landfill,Private,13469 Sw Highway 18,Mcminnville,OR,97128.0,Yamhill,971-261-4006,https://www.wm.com/,No,6:00AM-4:30PM,6:00AM-4:30PM,6:00AM-4:30PM,6:00AM-4:30PM,6:00AM-4:30PM,7:00AM-3:00PM,Yes,No,No,No,Yes,Yes,Yes,Yes,Yes,Yes,Yes,Yes,Yes,Yes,Yes,No,No,No,Yes,,,,,,,,,,,,,,45.16208779999999,-123.2493615
276,Landfill,Buck Hollow Landfill,Private,Ft. Hill Rd. Between Ft. Hill & Willamin,Fort Hill,OR,97338.0,Yamhill,503-876-2322,,,,,,,,,,,,,,,,,,,,,,,,,,,,,,,,,,,,,,,,,40.99425919999999,-73.8255344
277,Recycling Center,Valley Recovery Zone,Private,2200 Ne Orchard Ave,Mcminnville,OR,97128.0,Yamhill,503-434-5549,https://www.recology.com/recology-western-oregon/amity-lafayette-mcminnville/organics-mcminnville/,No,8:00AM-4:00PM,8:00AM-4:00PM,8:00AM-4:00PM,8:00AM-4:00PM,8:00AM-4:00PM,9:00AM-4:00PM,No,No,No,No,No,No,Yes,Yes,Yes,Yes,Yes,Yes,Yes,,,,,No,No,,,,,,,,,,,,,,45.2204777,-123.1744549
278,Transfer Station,Newberg Transfer And Recycling Center,Private,2904 Wynooski Rd.,Newberg,OR,97132.0,Yamhill,503-462-0508,https://www.wm.com/,No,8:00AM-5:00PM,8:00AM-5:00PM,8:00AM-5:00PM,8:00AM-5:00PM,8:00AM-5:00PM,8:00AM-5:00PM,,,,,,,,,,,,,,,,,,,,,,,,,,,,,,,,,45.2852985,-122.9478789
